ISO-10303-21;
HEADER;
/* Generated by software containing ST-Developer
 * from STEP Tools, Inc. (www.steptools.com) 
 */

FILE_DESCRIPTION(
/* description */ (''),
/* implementation_level */ '2;1');

FILE_NAME(
/* name */ 'Intruder Printable.step',
/* time_stamp */ '2026-10-05T23:34:26+05:30',
/* author */ (''),
/* organization */ (''),
/* preprocessor_version */ 'ST-DEVELOPER v20.2',
/* originating_system */ 'Autodesk Translation Framework v15.15.0.0',
/* authorisation */ '');

FILE_SCHEMA (('AUTOMOTIVE_DESIGN { 1 0 10303 214 3 1 1 }'));
ENDSEC;

DATA;
#10=MECHANICAL_DESIGN_GEOMETRIC_PRESENTATION_REPRESENTATION('',(#41,#42,
#43),#2455);
#11=ITEM_DEFINED_TRANSFORMATION($,$,#1499,#1623);
#12=(
REPRESENTATION_RELATIONSHIP($,$,#2466,#2465)
REPRESENTATION_RELATIONSHIP_WITH_TRANSFORMATION(#11)
SHAPE_REPRESENTATION_RELATIONSHIP()
);
#13=CONTEXT_DEPENDENT_SHAPE_REPRESENTATION(#12,#2464);
#14=NEXT_ASSEMBLY_USAGE_OCCURRENCE('Intruder back v1:1',
'Intruder back v1:1','Intruder back v1:1',#2468,#2469,
'Intruder back v1:1');
#15=FACE_BOUND('',#192,.T.);
#16=FACE_BOUND('',#230,.T.);
#17=FACE_BOUND('',#241,.T.);
#18=FACE_BOUND('',#242,.T.);
#19=FACE_BOUND('',#243,.T.);
#20=FACE_BOUND('',#247,.T.);
#21=FACE_BOUND('',#248,.T.);
#22=FACE_BOUND('',#249,.T.);
#23=FACE_BOUND('',#250,.T.);
#24=FACE_BOUND('',#251,.T.);
#25=FACE_BOUND('',#252,.T.);
#26=FACE_BOUND('',#253,.T.);
#27=FACE_BOUND('',#259,.T.);
#28=FACE_BOUND('',#260,.T.);
#29=FACE_BOUND('',#264,.T.);
#30=FACE_BOUND('',#265,.T.);
#31=FACE_BOUND('',#266,.T.);
#32=FACE_BOUND('',#267,.T.);
#33=FACE_BOUND('',#268,.T.);
#34=FACE_BOUND('',#269,.T.);
#35=FACE_BOUND('',#270,.T.);
#36=FACE_BOUND('',#272,.T.);
#37=SHAPE_REPRESENTATION_RELATIONSHIP('SRR','None',#2466,#39);
#38=SHAPE_REPRESENTATION_RELATIONSHIP('SRR','None',#2465,#40);
#39=ADVANCED_BREP_SHAPE_REPRESENTATION('',(#44),#2454);
#40=ADVANCED_BREP_SHAPE_REPRESENTATION('',(#45,#46),#2453);
#41=STYLED_ITEM('',(#2479),#44);
#42=STYLED_ITEM('',(#2479),#45);
#43=STYLED_ITEM('',(#2479),#46);
#44=MANIFOLD_SOLID_BREP('Body1',#1483);
#45=MANIFOLD_SOLID_BREP('Body1',#1484);
#46=MANIFOLD_SOLID_BREP('Body5',#1485);
#47=PLANE('',#1503);
#48=PLANE('',#1507);
#49=PLANE('',#1512);
#50=PLANE('',#1515);
#51=PLANE('',#1516);
#52=PLANE('',#1517);
#53=PLANE('',#1518);
#54=PLANE('',#1519);
#55=PLANE('',#1526);
#56=PLANE('',#1529);
#57=PLANE('',#1530);
#58=PLANE('',#1531);
#59=PLANE('',#1532);
#60=PLANE('',#1547);
#61=PLANE('',#1548);
#62=PLANE('',#1549);
#63=PLANE('',#1550);
#64=PLANE('',#1551);
#65=PLANE('',#1552);
#66=PLANE('',#1553);
#67=PLANE('',#1554);
#68=PLANE('',#1555);
#69=PLANE('',#1556);
#70=PLANE('',#1557);
#71=PLANE('',#1558);
#72=PLANE('',#1559);
#73=PLANE('',#1560);
#74=PLANE('',#1561);
#75=PLANE('',#1562);
#76=PLANE('',#1563);
#77=PLANE('',#1564);
#78=PLANE('',#1565);
#79=PLANE('',#1566);
#80=PLANE('',#1567);
#81=PLANE('',#1568);
#82=PLANE('',#1569);
#83=PLANE('',#1570);
#84=PLANE('',#1571);
#85=PLANE('',#1572);
#86=PLANE('',#1587);
#87=PLANE('',#1588);
#88=PLANE('',#1589);
#89=PLANE('',#1590);
#90=PLANE('',#1593);
#91=PLANE('',#1596);
#92=PLANE('',#1601);
#93=PLANE('',#1602);
#94=PLANE('',#1605);
#95=PLANE('',#1608);
#96=PLANE('',#1613);
#97=PLANE('',#1614);
#98=PLANE('',#1615);
#99=PLANE('',#1616);
#100=PLANE('',#1617);
#101=PLANE('',#1621);
#102=PLANE('',#1622);
#103=FACE_OUTER_BOUND('',#180,.T.);
#104=FACE_OUTER_BOUND('',#181,.T.);
#105=FACE_OUTER_BOUND('',#182,.T.);
#106=FACE_OUTER_BOUND('',#183,.T.);
#107=FACE_OUTER_BOUND('',#184,.T.);
#108=FACE_OUTER_BOUND('',#185,.T.);
#109=FACE_OUTER_BOUND('',#186,.T.);
#110=FACE_OUTER_BOUND('',#187,.T.);
#111=FACE_OUTER_BOUND('',#188,.T.);
#112=FACE_OUTER_BOUND('',#189,.T.);
#113=FACE_OUTER_BOUND('',#190,.T.);
#114=FACE_OUTER_BOUND('',#191,.T.);
#115=FACE_OUTER_BOUND('',#193,.T.);
#116=FACE_OUTER_BOUND('',#194,.T.);
#117=FACE_OUTER_BOUND('',#195,.T.);
#118=FACE_OUTER_BOUND('',#196,.T.);
#119=FACE_OUTER_BOUND('',#197,.T.);
#120=FACE_OUTER_BOUND('',#198,.T.);
#121=FACE_OUTER_BOUND('',#199,.T.);
#122=FACE_OUTER_BOUND('',#200,.T.);
#123=FACE_OUTER_BOUND('',#201,.T.);
#124=FACE_OUTER_BOUND('',#202,.T.);
#125=FACE_OUTER_BOUND('',#203,.T.);
#126=FACE_OUTER_BOUND('',#204,.T.);
#127=FACE_OUTER_BOUND('',#205,.T.);
#128=FACE_OUTER_BOUND('',#206,.T.);
#129=FACE_OUTER_BOUND('',#207,.T.);
#130=FACE_OUTER_BOUND('',#208,.T.);
#131=FACE_OUTER_BOUND('',#209,.T.);
#132=FACE_OUTER_BOUND('',#210,.T.);
#133=FACE_OUTER_BOUND('',#211,.T.);
#134=FACE_OUTER_BOUND('',#212,.T.);
#135=FACE_OUTER_BOUND('',#213,.T.);
#136=FACE_OUTER_BOUND('',#214,.T.);
#137=FACE_OUTER_BOUND('',#215,.T.);
#138=FACE_OUTER_BOUND('',#216,.T.);
#139=FACE_OUTER_BOUND('',#217,.T.);
#140=FACE_OUTER_BOUND('',#218,.T.);
#141=FACE_OUTER_BOUND('',#219,.T.);
#142=FACE_OUTER_BOUND('',#220,.T.);
#143=FACE_OUTER_BOUND('',#221,.T.);
#144=FACE_OUTER_BOUND('',#222,.T.);
#145=FACE_OUTER_BOUND('',#223,.T.);
#146=FACE_OUTER_BOUND('',#224,.T.);
#147=FACE_OUTER_BOUND('',#225,.T.);
#148=FACE_OUTER_BOUND('',#226,.T.);
#149=FACE_OUTER_BOUND('',#227,.T.);
#150=FACE_OUTER_BOUND('',#228,.T.);
#151=FACE_OUTER_BOUND('',#229,.T.);
#152=FACE_OUTER_BOUND('',#231,.T.);
#153=FACE_OUTER_BOUND('',#232,.T.);
#154=FACE_OUTER_BOUND('',#233,.T.);
#155=FACE_OUTER_BOUND('',#234,.T.);
#156=FACE_OUTER_BOUND('',#235,.T.);
#157=FACE_OUTER_BOUND('',#236,.T.);
#158=FACE_OUTER_BOUND('',#237,.T.);
#159=FACE_OUTER_BOUND('',#238,.T.);
#160=FACE_OUTER_BOUND('',#239,.T.);
#161=FACE_OUTER_BOUND('',#240,.T.);
#162=FACE_OUTER_BOUND('',#244,.T.);
#163=FACE_OUTER_BOUND('',#245,.T.);
#164=FACE_OUTER_BOUND('',#246,.T.);
#165=FACE_OUTER_BOUND('',#254,.T.);
#166=FACE_OUTER_BOUND('',#255,.T.);
#167=FACE_OUTER_BOUND('',#256,.T.);
#168=FACE_OUTER_BOUND('',#257,.T.);
#169=FACE_OUTER_BOUND('',#258,.T.);
#170=FACE_OUTER_BOUND('',#261,.T.);
#171=FACE_OUTER_BOUND('',#262,.T.);
#172=FACE_OUTER_BOUND('',#263,.T.);
#173=FACE_OUTER_BOUND('',#271,.T.);
#174=FACE_OUTER_BOUND('',#273,.T.);
#175=FACE_OUTER_BOUND('',#274,.T.);
#176=FACE_OUTER_BOUND('',#275,.T.);
#177=FACE_OUTER_BOUND('',#276,.T.);
#178=FACE_OUTER_BOUND('',#277,.T.);
#179=FACE_OUTER_BOUND('',#278,.T.);
#180=EDGE_LOOP('',(#977,#978,#979,#980));
#181=EDGE_LOOP('',(#981,#982,#983,#984,#985,#986,#987,#988));
#182=EDGE_LOOP('',(#989,#990,#991,#992));
#183=EDGE_LOOP('',(#993,#994,#995,#996));
#184=EDGE_LOOP('',(#997,#998,#999,#1000));
#185=EDGE_LOOP('',(#1001,#1002,#1003,#1004));
#186=EDGE_LOOP('',(#1005,#1006,#1007,#1008));
#187=EDGE_LOOP('',(#1009,#1010,#1011,#1012));
#188=EDGE_LOOP('',(#1013,#1014,#1015,#1016));
#189=EDGE_LOOP('',(#1017,#1018,#1019,#1020,#1021,#1022,#1023,#1024));
#190=EDGE_LOOP('',(#1025,#1026,#1027,#1028));
#191=EDGE_LOOP('',(#1029,#1030,#1031,#1032));
#192=EDGE_LOOP('',(#1033,#1034,#1035,#1036,#1037,#1038,#1039,#1040));
#193=EDGE_LOOP('',(#1041,#1042,#1043,#1044));
#194=EDGE_LOOP('',(#1045,#1046,#1047,#1048,#1049));
#195=EDGE_LOOP('',(#1050,#1051,#1052,#1053,#1054));
#196=EDGE_LOOP('',(#1055,#1056,#1057,#1058,#1059,#1060));
#197=EDGE_LOOP('',(#1061,#1062,#1063,#1064));
#198=EDGE_LOOP('',(#1065,#1066,#1067,#1068,#1069));
#199=EDGE_LOOP('',(#1070,#1071,#1072,#1073,#1074,#1075,#1076,#1077));
#200=EDGE_LOOP('',(#1078,#1079,#1080,#1081));
#201=EDGE_LOOP('',(#1082,#1083,#1084,#1085));
#202=EDGE_LOOP('',(#1086,#1087,#1088,#1089));
#203=EDGE_LOOP('',(#1090,#1091,#1092,#1093));
#204=EDGE_LOOP('',(#1094,#1095,#1096,#1097,#1098));
#205=EDGE_LOOP('',(#1099,#1100,#1101,#1102));
#206=EDGE_LOOP('',(#1103,#1104,#1105,#1106,#1107));
#207=EDGE_LOOP('',(#1108,#1109,#1110,#1111));
#208=EDGE_LOOP('',(#1112,#1113,#1114,#1115));
#209=EDGE_LOOP('',(#1116,#1117,#1118,#1119));
#210=EDGE_LOOP('',(#1120,#1121,#1122,#1123));
#211=EDGE_LOOP('',(#1124,#1125,#1126,#1127,#1128,#1129,#1130,#1131));
#212=EDGE_LOOP('',(#1132,#1133,#1134,#1135,#1136));
#213=EDGE_LOOP('',(#1137,#1138,#1139,#1140,#1141,#1142,#1143));
#214=EDGE_LOOP('',(#1144,#1145,#1146,#1147));
#215=EDGE_LOOP('',(#1148,#1149,#1150,#1151));
#216=EDGE_LOOP('',(#1152,#1153,#1154,#1155));
#217=EDGE_LOOP('',(#1156,#1157,#1158,#1159));
#218=EDGE_LOOP('',(#1160,#1161,#1162,#1163,#1164,#1165));
#219=EDGE_LOOP('',(#1166,#1167,#1168,#1169));
#220=EDGE_LOOP('',(#1170,#1171,#1172,#1173,#1174,#1175,#1176,#1177));
#221=EDGE_LOOP('',(#1178,#1179,#1180,#1181));
#222=EDGE_LOOP('',(#1182,#1183,#1184,#1185));
#223=EDGE_LOOP('',(#1186,#1187,#1188,#1189));
#224=EDGE_LOOP('',(#1190,#1191,#1192,#1193));
#225=EDGE_LOOP('',(#1194,#1195,#1196,#1197));
#226=EDGE_LOOP('',(#1198,#1199,#1200,#1201));
#227=EDGE_LOOP('',(#1202,#1203,#1204,#1205));
#228=EDGE_LOOP('',(#1206,#1207,#1208,#1209));
#229=EDGE_LOOP('',(#1210,#1211,#1212,#1213,#1214,#1215,#1216,#1217));
#230=EDGE_LOOP('',(#1218,#1219,#1220,#1221,#1222,#1223,#1224,#1225));
#231=EDGE_LOOP('',(#1226,#1227,#1228,#1229));
#232=EDGE_LOOP('',(#1230,#1231,#1232,#1233));
#233=EDGE_LOOP('',(#1234,#1235,#1236,#1237));
#234=EDGE_LOOP('',(#1238,#1239,#1240,#1241));
#235=EDGE_LOOP('',(#1242,#1243,#1244,#1245));
#236=EDGE_LOOP('',(#1246,#1247,#1248,#1249));
#237=EDGE_LOOP('',(#1250,#1251,#1252,#1253));
#238=EDGE_LOOP('',(#1254,#1255,#1256,#1257));
#239=EDGE_LOOP('',(#1258,#1259,#1260,#1261));
#240=EDGE_LOOP('',(#1262,#1263,#1264,#1265));
#241=EDGE_LOOP('',(#1266,#1267,#1268,#1269));
#242=EDGE_LOOP('',(#1270,#1271,#1272,#1273));
#243=EDGE_LOOP('',(#1274,#1275,#1276,#1277));
#244=EDGE_LOOP('',(#1278,#1279,#1280,#1281));
#245=EDGE_LOOP('',(#1282,#1283,#1284,#1285));
#246=EDGE_LOOP('',(#1286,#1287,#1288,#1289,#1290,#1291,#1292,#1293));
#247=EDGE_LOOP('',(#1294));
#248=EDGE_LOOP('',(#1295));
#249=EDGE_LOOP('',(#1296));
#250=EDGE_LOOP('',(#1297));
#251=EDGE_LOOP('',(#1298));
#252=EDGE_LOOP('',(#1299));
#253=EDGE_LOOP('',(#1300,#1301,#1302,#1303));
#254=EDGE_LOOP('',(#1304,#1305,#1306,#1307));
#255=EDGE_LOOP('',(#1308,#1309,#1310,#1311));
#256=EDGE_LOOP('',(#1312,#1313,#1314,#1315));
#257=EDGE_LOOP('',(#1316,#1317,#1318,#1319));
#258=EDGE_LOOP('',(#1320,#1321,#1322,#1323));
#259=EDGE_LOOP('',(#1324,#1325,#1326,#1327));
#260=EDGE_LOOP('',(#1328,#1329,#1330,#1331));
#261=EDGE_LOOP('',(#1332,#1333,#1334,#1335));
#262=EDGE_LOOP('',(#1336,#1337,#1338,#1339));
#263=EDGE_LOOP('',(#1340,#1341,#1342,#1343,#1344,#1345,#1346,#1347));
#264=EDGE_LOOP('',(#1348));
#265=EDGE_LOOP('',(#1349));
#266=EDGE_LOOP('',(#1350));
#267=EDGE_LOOP('',(#1351));
#268=EDGE_LOOP('',(#1352));
#269=EDGE_LOOP('',(#1353));
#270=EDGE_LOOP('',(#1354,#1355,#1356,#1357));
#271=EDGE_LOOP('',(#1358,#1359,#1360,#1361));
#272=EDGE_LOOP('',(#1362));
#273=EDGE_LOOP('',(#1363,#1364,#1365,#1366));
#274=EDGE_LOOP('',(#1367,#1368,#1369,#1370));
#275=EDGE_LOOP('',(#1371,#1372,#1373,#1374));
#276=EDGE_LOOP('',(#1375,#1376,#1377,#1378));
#277=EDGE_LOOP('',(#1379,#1380,#1381));
#278=EDGE_LOOP('',(#1382,#1383,#1384));
#279=LINE('',#2041,#437);
#280=LINE('',#2044,#438);
#281=LINE('',#2047,#439);
#282=LINE('',#2051,#440);
#283=LINE('',#2055,#441);
#284=LINE('',#2058,#442);
#285=LINE('',#2061,#443);
#286=LINE('',#2062,#444);
#287=LINE('',#2066,#445);
#288=LINE('',#2071,#446);
#289=LINE('',#2072,#447);
#290=LINE('',#2075,#448);
#291=LINE('',#2076,#449);
#292=LINE('',#2080,#450);
#293=LINE('',#2082,#451);
#294=LINE('',#2084,#452);
#295=LINE('',#2089,#453);
#296=LINE('',#2091,#454);
#297=LINE('',#2093,#455);
#298=LINE('',#2094,#456);
#299=LINE('',#2098,#457);
#300=LINE('',#2100,#458);
#301=LINE('',#2102,#459);
#302=LINE('',#2103,#460);
#303=LINE('',#2105,#461);
#304=LINE('',#2109,#462);
#305=LINE('',#2111,#463);
#306=LINE('',#2113,#464);
#307=LINE('',#2120,#465);
#308=LINE('',#2124,#466);
#309=LINE('',#2126,#467);
#310=LINE('',#2129,#468);
#311=LINE('',#2130,#469);
#312=LINE('',#2133,#470);
#313=LINE('',#2134,#471);
#314=LINE('',#2136,#472);
#315=LINE('',#2140,#473);
#316=LINE('',#2146,#474);
#317=LINE('',#2152,#475);
#318=LINE('',#2158,#476);
#319=LINE('',#2164,#477);
#320=LINE('',#2169,#478);
#321=LINE('',#2171,#479);
#322=LINE('',#2173,#480);
#323=LINE('',#2175,#481);
#324=LINE('',#2176,#482);
#325=LINE('',#2179,#483);
#326=LINE('',#2181,#484);
#327=LINE('',#2182,#485);
#328=LINE('',#2185,#486);
#329=LINE('',#2187,#487);
#330=LINE('',#2189,#488);
#331=LINE('',#2190,#489);
#332=LINE('',#2192,#490);
#333=LINE('',#2193,#491);
#334=LINE('',#2195,#492);
#335=LINE('',#2200,#493);
#336=LINE('',#2202,#494);
#337=LINE('',#2204,#495);
#338=LINE('',#2205,#496);
#339=LINE('',#2207,#497);
#340=LINE('',#2209,#498);
#341=LINE('',#2211,#499);
#342=LINE('',#2212,#500);
#343=LINE('',#2215,#501);
#344=LINE('',#2217,#502);
#345=LINE('',#2218,#503);
#346=LINE('',#2221,#504);
#347=LINE('',#2223,#505);
#348=LINE('',#2224,#506);
#349=LINE('',#2226,#507);
#350=LINE('',#2229,#508);
#351=LINE('',#2231,#509);
#352=LINE('',#2232,#510);
#353=LINE('',#2235,#511);
#354=LINE('',#2237,#512);
#355=LINE('',#2238,#513);
#356=LINE('',#2242,#514);
#357=LINE('',#2243,#515);
#358=LINE('',#2244,#516);
#359=LINE('',#2247,#517);
#360=LINE('',#2248,#518);
#361=LINE('',#2251,#519);
#362=LINE('',#2252,#520);
#363=LINE('',#2254,#521);
#364=LINE('',#2258,#522);
#365=LINE('',#2260,#523);
#366=LINE('',#2262,#524);
#367=LINE('',#2263,#525);
#368=LINE('',#2266,#526);
#369=LINE('',#2268,#527);
#370=LINE('',#2269,#528);
#371=LINE('',#2272,#529);
#372=LINE('',#2274,#530);
#373=LINE('',#2275,#531);
#374=LINE('',#2277,#532);
#375=LINE('',#2278,#533);
#376=LINE('',#2282,#534);
#377=LINE('',#2284,#535);
#378=LINE('',#2286,#536);
#379=LINE('',#2287,#537);
#380=LINE('',#2290,#538);
#381=LINE('',#2292,#539);
#382=LINE('',#2293,#540);
#383=LINE('',#2296,#541);
#384=LINE('',#2298,#542);
#385=LINE('',#2299,#543);
#386=LINE('',#2301,#544);
#387=LINE('',#2302,#545);
#388=LINE('',#2308,#546);
#389=LINE('',#2312,#547);
#390=LINE('',#2316,#548);
#391=LINE('',#2319,#549);
#392=LINE('',#2324,#550);
#393=LINE('',#2328,#551);
#394=LINE('',#2332,#552);
#395=LINE('',#2337,#553);
#396=LINE('',#2343,#554);
#397=LINE('',#2348,#555);
#398=LINE('',#2350,#556);
#399=LINE('',#2352,#557);
#400=LINE('',#2353,#558);
#401=LINE('',#2356,#559);
#402=LINE('',#2358,#560);
#403=LINE('',#2359,#561);
#404=LINE('',#2362,#562);
#405=LINE('',#2364,#563);
#406=LINE('',#2365,#564);
#407=LINE('',#2367,#565);
#408=LINE('',#2368,#566);
#409=LINE('',#2371,#567);
#410=LINE('',#2374,#568);
#411=LINE('',#2377,#569);
#412=LINE('',#2378,#570);
#413=LINE('',#2383,#571);
#414=LINE('',#2384,#572);
#415=LINE('',#2387,#573);
#416=LINE('',#2388,#574);
#417=LINE('',#2394,#575);
#418=LINE('',#2398,#576);
#419=LINE('',#2401,#577);
#420=LINE('',#2404,#578);
#421=LINE('',#2405,#579);
#422=LINE('',#2410,#580);
#423=LINE('',#2411,#581);
#424=LINE('',#2414,#582);
#425=LINE('',#2415,#583);
#426=LINE('',#2419,#584);
#427=LINE('',#2423,#585);
#428=LINE('',#2425,#586);
#429=LINE('',#2426,#587);
#430=LINE('',#2432,#588);
#431=LINE('',#2434,#589);
#432=LINE('',#2436,#590);
#433=LINE('',#2437,#591);
#434=LINE('',#2440,#592);
#435=LINE('',#2442,#593);
#436=LINE('',#2443,#594);
#437=VECTOR('',#1632,10.);
#438=VECTOR('',#1635,10.);
#439=VECTOR('',#1638,10.);
#440=VECTOR('',#1641,10.);
#441=VECTOR('',#1644,10.);
#442=VECTOR('',#1647,10.);
#443=VECTOR('',#1650,10.);
#444=VECTOR('',#1651,10.);
#445=VECTOR('',#1656,10.);
#446=VECTOR('',#1661,10.);
#447=VECTOR('',#1662,10.);
#448=VECTOR('',#1665,10.);
#449=VECTOR('',#1666,10.);
#450=VECTOR('',#1671,10.);
#451=VECTOR('',#1674,10.);
#452=VECTOR('',#1677,10.);
#453=VECTOR('',#1682,10.);
#454=VECTOR('',#1683,10.);
#455=VECTOR('',#1684,10.);
#456=VECTOR('',#1685,10.);
#457=VECTOR('',#1688,10.);
#458=VECTOR('',#1689,10.);
#459=VECTOR('',#1690,10.);
#460=VECTOR('',#1691,10.);
#461=VECTOR('',#1692,10.);
#462=VECTOR('',#1695,10.);
#463=VECTOR('',#1696,10.);
#464=VECTOR('',#1697,10.);
#465=VECTOR('',#1706,10.);
#466=VECTOR('',#1713,10.);
#467=VECTOR('',#1716,10.);
#468=VECTOR('',#1719,10.);
#469=VECTOR('',#1720,10.);
#470=VECTOR('',#1723,10.);
#471=VECTOR('',#1724,10.);
#472=VECTOR('',#1727,10.);
#473=VECTOR('',#1732,6.);
#474=VECTOR('',#1739,1.1);
#475=VECTOR('',#1746,1.1);
#476=VECTOR('',#1753,0.909856008226342);
#477=VECTOR('',#1760,0.905988885272926);
#478=VECTOR('',#1765,10.);
#479=VECTOR('',#1766,10.);
#480=VECTOR('',#1767,10.);
#481=VECTOR('',#1768,10.);
#482=VECTOR('',#1769,10.);
#483=VECTOR('',#1772,10.);
#484=VECTOR('',#1773,10.);
#485=VECTOR('',#1774,10.);
#486=VECTOR('',#1777,10.);
#487=VECTOR('',#1778,10.);
#488=VECTOR('',#1779,10.);
#489=VECTOR('',#1780,10.);
#490=VECTOR('',#1783,10.);
#491=VECTOR('',#1784,10.);
#492=VECTOR('',#1787,10.);
#493=VECTOR('',#1792,10.);
#494=VECTOR('',#1793,10.);
#495=VECTOR('',#1794,10.);
#496=VECTOR('',#1795,10.);
#497=VECTOR('',#1798,10.);
#498=VECTOR('',#1799,10.);
#499=VECTOR('',#1800,10.);
#500=VECTOR('',#1801,10.);
#501=VECTOR('',#1804,10.);
#502=VECTOR('',#1805,10.);
#503=VECTOR('',#1806,10.);
#504=VECTOR('',#1809,10.);
#505=VECTOR('',#1810,10.);
#506=VECTOR('',#1811,10.);
#507=VECTOR('',#1814,10.);
#508=VECTOR('',#1817,10.);
#509=VECTOR('',#1818,10.);
#510=VECTOR('',#1819,10.);
#511=VECTOR('',#1822,10.);
#512=VECTOR('',#1823,10.);
#513=VECTOR('',#1824,10.);
#514=VECTOR('',#1827,10.);
#515=VECTOR('',#1828,10.);
#516=VECTOR('',#1829,10.);
#517=VECTOR('',#1832,10.);
#518=VECTOR('',#1833,10.);
#519=VECTOR('',#1836,10.);
#520=VECTOR('',#1837,10.);
#521=VECTOR('',#1840,10.);
#522=VECTOR('',#1843,10.);
#523=VECTOR('',#1844,10.);
#524=VECTOR('',#1845,10.);
#525=VECTOR('',#1846,10.);
#526=VECTOR('',#1849,10.);
#527=VECTOR('',#1850,10.);
#528=VECTOR('',#1851,10.);
#529=VECTOR('',#1854,10.);
#530=VECTOR('',#1855,10.);
#531=VECTOR('',#1856,10.);
#532=VECTOR('',#1859,10.);
#533=VECTOR('',#1860,10.);
#534=VECTOR('',#1863,10.);
#535=VECTOR('',#1864,10.);
#536=VECTOR('',#1865,10.);
#537=VECTOR('',#1866,10.);
#538=VECTOR('',#1869,10.);
#539=VECTOR('',#1870,10.);
#540=VECTOR('',#1871,10.);
#541=VECTOR('',#1874,10.);
#542=VECTOR('',#1875,10.);
#543=VECTOR('',#1876,10.);
#544=VECTOR('',#1879,10.);
#545=VECTOR('',#1880,10.);
#546=VECTOR('',#1885,10.);
#547=VECTOR('',#1888,10.);
#548=VECTOR('',#1891,10.);
#549=VECTOR('',#1894,10.);
#550=VECTOR('',#1897,10.);
#551=VECTOR('',#1900,10.);
#552=VECTOR('',#1905,10.);
#553=VECTOR('',#1910,8.);
#554=VECTOR('',#1917,8.);
#555=VECTOR('',#1922,10.);
#556=VECTOR('',#1923,10.);
#557=VECTOR('',#1924,10.);
#558=VECTOR('',#1925,10.);
#559=VECTOR('',#1928,10.);
#560=VECTOR('',#1929,10.);
#561=VECTOR('',#1930,10.);
#562=VECTOR('',#1933,10.);
#563=VECTOR('',#1934,10.);
#564=VECTOR('',#1935,10.);
#565=VECTOR('',#1938,10.);
#566=VECTOR('',#1939,10.);
#567=VECTOR('',#1942,10.);
#568=VECTOR('',#1945,10.);
#569=VECTOR('',#1948,10.);
#570=VECTOR('',#1949,10.);
#571=VECTOR('',#1954,10.);
#572=VECTOR('',#1955,10.);
#573=VECTOR('',#1958,10.);
#574=VECTOR('',#1959,10.);
#575=VECTOR('',#1970,10.);
#576=VECTOR('',#1975,10.);
#577=VECTOR('',#1978,10.);
#578=VECTOR('',#1981,10.);
#579=VECTOR('',#1982,10.);
#580=VECTOR('',#1987,10.);
#581=VECTOR('',#1988,10.);
#582=VECTOR('',#1991,10.);
#583=VECTOR('',#1992,10.);
#584=VECTOR('',#1997,10.);
#585=VECTOR('',#2002,10.);
#586=VECTOR('',#2005,10.);
#587=VECTOR('',#2006,10.);
#588=VECTOR('',#2013,10.);
#589=VECTOR('',#2014,10.);
#590=VECTOR('',#2015,10.);
#591=VECTOR('',#2016,10.);
#592=VECTOR('',#2019,10.);
#593=VECTOR('',#2020,10.);
#594=VECTOR('',#2021,10.);
#595=CIRCLE('',#1501,10.);
#596=CIRCLE('',#1502,10.);
#597=CIRCLE('',#1504,10.);
#598=CIRCLE('',#1505,10.);
#599=CIRCLE('',#1506,10.);
#600=CIRCLE('',#1509,10.);
#601=CIRCLE('',#1511,10.);
#602=CIRCLE('',#1514,10.);
#603=CIRCLE('',#1520,6.);
#604=CIRCLE('',#1521,6.);
#605=CIRCLE('',#1522,6.);
#606=CIRCLE('',#1524,6.);
#607=CIRCLE('',#1525,6.);
#608=CIRCLE('',#1527,6.);
#609=CIRCLE('',#1528,6.);
#610=CIRCLE('',#1534,6.);
#611=CIRCLE('',#1536,1.1);
#612=CIRCLE('',#1537,1.1);
#613=CIRCLE('',#1539,1.1);
#614=CIRCLE('',#1540,1.1);
#615=CIRCLE('',#1542,0.909856008226342);
#616=CIRCLE('',#1543,0.909856008226342);
#617=CIRCLE('',#1545,0.905988885272926);
#618=CIRCLE('',#1546,0.905988885272926);
#619=CIRCLE('',#1573,10.);
#620=CIRCLE('',#1574,10.);
#621=CIRCLE('',#1575,10.);
#622=CIRCLE('',#1576,10.);
#623=CIRCLE('',#1577,6.);
#624=CIRCLE('',#1578,6.);
#625=CIRCLE('',#1579,6.);
#626=CIRCLE('',#1580,6.);
#627=CIRCLE('',#1582,8.);
#628=CIRCLE('',#1583,8.);
#629=CIRCLE('',#1585,8.);
#630=CIRCLE('',#1586,8.);
#631=CIRCLE('',#1592,6.);
#632=CIRCLE('',#1595,6.);
#633=CIRCLE('',#1598,6.);
#634=CIRCLE('',#1600,6.);
#635=CIRCLE('',#1604,10.);
#636=CIRCLE('',#1607,10.);
#637=CIRCLE('',#1610,10.);
#638=CIRCLE('',#1612,10.);
#639=CIRCLE('',#1619,6.);
#640=CIRCLE('',#1620,6.);
#641=VERTEX_POINT('',#2037);
#642=VERTEX_POINT('',#2038);
#643=VERTEX_POINT('',#2040);
#644=VERTEX_POINT('',#2042);
#645=VERTEX_POINT('',#2046);
#646=VERTEX_POINT('',#2048);
#647=VERTEX_POINT('',#2050);
#648=VERTEX_POINT('',#2052);
#649=VERTEX_POINT('',#2054);
#650=VERTEX_POINT('',#2056);
#651=VERTEX_POINT('',#2060);
#652=VERTEX_POINT('',#2064);
#653=VERTEX_POINT('',#2068);
#654=VERTEX_POINT('',#2069);
#655=VERTEX_POINT('',#2074);
#656=VERTEX_POINT('',#2078);
#657=VERTEX_POINT('',#2087);
#658=VERTEX_POINT('',#2088);
#659=VERTEX_POINT('',#2090);
#660=VERTEX_POINT('',#2092);
#661=VERTEX_POINT('',#2096);
#662=VERTEX_POINT('',#2097);
#663=VERTEX_POINT('',#2099);
#664=VERTEX_POINT('',#2101);
#665=VERTEX_POINT('',#2104);
#666=VERTEX_POINT('',#2106);
#667=VERTEX_POINT('',#2108);
#668=VERTEX_POINT('',#2110);
#669=VERTEX_POINT('',#2112);
#670=VERTEX_POINT('',#2114);
#671=VERTEX_POINT('',#2119);
#672=VERTEX_POINT('',#2128);
#673=VERTEX_POINT('',#2132);
#674=VERTEX_POINT('',#2139);
#675=VERTEX_POINT('',#2143);
#676=VERTEX_POINT('',#2145);
#677=VERTEX_POINT('',#2149);
#678=VERTEX_POINT('',#2151);
#679=VERTEX_POINT('',#2155);
#680=VERTEX_POINT('',#2157);
#681=VERTEX_POINT('',#2161);
#682=VERTEX_POINT('',#2163);
#683=VERTEX_POINT('',#2167);
#684=VERTEX_POINT('',#2168);
#685=VERTEX_POINT('',#2170);
#686=VERTEX_POINT('',#2172);
#687=VERTEX_POINT('',#2174);
#688=VERTEX_POINT('',#2178);
#689=VERTEX_POINT('',#2180);
#690=VERTEX_POINT('',#2184);
#691=VERTEX_POINT('',#2186);
#692=VERTEX_POINT('',#2188);
#693=VERTEX_POINT('',#2198);
#694=VERTEX_POINT('',#2199);
#695=VERTEX_POINT('',#2201);
#696=VERTEX_POINT('',#2203);
#697=VERTEX_POINT('',#2208);
#698=VERTEX_POINT('',#2210);
#699=VERTEX_POINT('',#2214);
#700=VERTEX_POINT('',#2216);
#701=VERTEX_POINT('',#2220);
#702=VERTEX_POINT('',#2222);
#703=VERTEX_POINT('',#2228);
#704=VERTEX_POINT('',#2230);
#705=VERTEX_POINT('',#2234);
#706=VERTEX_POINT('',#2236);
#707=VERTEX_POINT('',#2240);
#708=VERTEX_POINT('',#2241);
#709=VERTEX_POINT('',#2246);
#710=VERTEX_POINT('',#2250);
#711=VERTEX_POINT('',#2256);
#712=VERTEX_POINT('',#2257);
#713=VERTEX_POINT('',#2259);
#714=VERTEX_POINT('',#2261);
#715=VERTEX_POINT('',#2265);
#716=VERTEX_POINT('',#2267);
#717=VERTEX_POINT('',#2271);
#718=VERTEX_POINT('',#2273);
#719=VERTEX_POINT('',#2280);
#720=VERTEX_POINT('',#2281);
#721=VERTEX_POINT('',#2283);
#722=VERTEX_POINT('',#2285);
#723=VERTEX_POINT('',#2289);
#724=VERTEX_POINT('',#2291);
#725=VERTEX_POINT('',#2295);
#726=VERTEX_POINT('',#2297);
#727=VERTEX_POINT('',#2304);
#728=VERTEX_POINT('',#2305);
#729=VERTEX_POINT('',#2307);
#730=VERTEX_POINT('',#2309);
#731=VERTEX_POINT('',#2311);
#732=VERTEX_POINT('',#2313);
#733=VERTEX_POINT('',#2315);
#734=VERTEX_POINT('',#2317);
#735=VERTEX_POINT('',#2320);
#736=VERTEX_POINT('',#2321);
#737=VERTEX_POINT('',#2323);
#738=VERTEX_POINT('',#2325);
#739=VERTEX_POINT('',#2327);
#740=VERTEX_POINT('',#2330);
#741=VERTEX_POINT('',#2334);
#742=VERTEX_POINT('',#2336);
#743=VERTEX_POINT('',#2340);
#744=VERTEX_POINT('',#2342);
#745=VERTEX_POINT('',#2346);
#746=VERTEX_POINT('',#2347);
#747=VERTEX_POINT('',#2349);
#748=VERTEX_POINT('',#2351);
#749=VERTEX_POINT('',#2355);
#750=VERTEX_POINT('',#2357);
#751=VERTEX_POINT('',#2361);
#752=VERTEX_POINT('',#2363);
#753=VERTEX_POINT('',#2370);
#754=VERTEX_POINT('',#2372);
#755=VERTEX_POINT('',#2376);
#756=VERTEX_POINT('',#2380);
#757=VERTEX_POINT('',#2381);
#758=VERTEX_POINT('',#2386);
#759=VERTEX_POINT('',#2397);
#760=VERTEX_POINT('',#2399);
#761=VERTEX_POINT('',#2403);
#762=VERTEX_POINT('',#2407);
#763=VERTEX_POINT('',#2408);
#764=VERTEX_POINT('',#2413);
#765=VERTEX_POINT('',#2417);
#766=VERTEX_POINT('',#2421);
#767=VERTEX_POINT('',#2430);
#768=VERTEX_POINT('',#2431);
#769=VERTEX_POINT('',#2433);
#770=VERTEX_POINT('',#2435);
#771=VERTEX_POINT('',#2439);
#772=VERTEX_POINT('',#2441);
#773=EDGE_CURVE('',#641,#642,#595,.T.);
#774=EDGE_CURVE('',#642,#643,#279,.T.);
#775=EDGE_CURVE('',#643,#644,#596,.T.);
#776=EDGE_CURVE('',#644,#641,#280,.T.);
#777=EDGE_CURVE('',#643,#645,#281,.T.);
#778=EDGE_CURVE('',#646,#645,#597,.T.);
#779=EDGE_CURVE('',#646,#647,#282,.T.);
#780=EDGE_CURVE('',#648,#647,#598,.T.);
#781=EDGE_CURVE('',#648,#649,#283,.T.);
#782=EDGE_CURVE('',#650,#649,#599,.T.);
#783=EDGE_CURVE('',#650,#644,#284,.T.);
#784=EDGE_CURVE('',#651,#642,#285,.T.);
#785=EDGE_CURVE('',#645,#651,#286,.T.);
#786=EDGE_CURVE('',#651,#652,#600,.T.);
#787=EDGE_CURVE('',#652,#646,#287,.T.);
#788=EDGE_CURVE('',#653,#654,#601,.T.);
#789=EDGE_CURVE('',#654,#650,#288,.T.);
#790=EDGE_CURVE('',#649,#653,#289,.T.);
#791=EDGE_CURVE('',#655,#648,#290,.T.);
#792=EDGE_CURVE('',#653,#655,#291,.T.);
#793=EDGE_CURVE('',#656,#655,#602,.T.);
#794=EDGE_CURVE('',#647,#656,#292,.T.);
#795=EDGE_CURVE('',#641,#654,#293,.T.);
#796=EDGE_CURVE('',#656,#652,#294,.T.);
#797=EDGE_CURVE('',#657,#658,#295,.T.);
#798=EDGE_CURVE('',#657,#659,#296,.T.);
#799=EDGE_CURVE('',#660,#659,#297,.T.);
#800=EDGE_CURVE('',#658,#660,#298,.T.);
#801=EDGE_CURVE('',#661,#662,#299,.T.);
#802=EDGE_CURVE('',#663,#662,#300,.T.);
#803=EDGE_CURVE('',#664,#663,#301,.T.);
#804=EDGE_CURVE('',#664,#661,#302,.T.);
#805=EDGE_CURVE('',#658,#665,#303,.T.);
#806=EDGE_CURVE('',#665,#666,#603,.T.);
#807=EDGE_CURVE('',#666,#667,#304,.T.);
#808=EDGE_CURVE('',#667,#668,#305,.T.);
#809=EDGE_CURVE('',#668,#669,#306,.T.);
#810=EDGE_CURVE('',#669,#670,#604,.T.);
#811=EDGE_CURVE('',#670,#657,#605,.T.);
#812=EDGE_CURVE('',#670,#657,#606,.T.);
#813=EDGE_CURVE('',#670,#671,#307,.T.);
#814=EDGE_CURVE('',#659,#671,#607,.T.);
#815=EDGE_CURVE('',#657,#665,#608,.T.);
#816=EDGE_CURVE('',#665,#666,#308,.T.);
#817=EDGE_CURVE('',#669,#666,#609,.T.);
#818=EDGE_CURVE('',#669,#670,#309,.T.);
#819=EDGE_CURVE('',#668,#672,#310,.T.);
#820=EDGE_CURVE('',#671,#672,#311,.T.);
#821=EDGE_CURVE('',#673,#660,#312,.T.);
#822=EDGE_CURVE('',#667,#673,#313,.T.);
#823=EDGE_CURVE('',#672,#673,#314,.T.);
#824=EDGE_CURVE('',#657,#674,#315,.T.);
#825=EDGE_CURVE('',#674,#674,#610,.T.);
#826=EDGE_CURVE('',#675,#675,#611,.T.);
#827=EDGE_CURVE('',#675,#676,#316,.T.);
#828=EDGE_CURVE('',#676,#676,#612,.T.);
#829=EDGE_CURVE('',#677,#677,#613,.T.);
#830=EDGE_CURVE('',#677,#678,#317,.T.);
#831=EDGE_CURVE('',#678,#678,#614,.T.);
#832=EDGE_CURVE('',#679,#679,#615,.T.);
#833=EDGE_CURVE('',#679,#680,#318,.T.);
#834=EDGE_CURVE('',#680,#680,#616,.T.);
#835=EDGE_CURVE('',#681,#681,#617,.T.);
#836=EDGE_CURVE('',#681,#682,#319,.T.);
#837=EDGE_CURVE('',#682,#682,#618,.T.);
#838=EDGE_CURVE('',#683,#684,#320,.T.);
#839=EDGE_CURVE('',#683,#685,#321,.T.);
#840=EDGE_CURVE('',#686,#685,#322,.T.);
#841=EDGE_CURVE('',#687,#686,#323,.T.);
#842=EDGE_CURVE('',#684,#687,#324,.T.);
#843=EDGE_CURVE('',#687,#688,#325,.T.);
#844=EDGE_CURVE('',#689,#686,#326,.T.);
#845=EDGE_CURVE('',#688,#689,#327,.T.);
#846=EDGE_CURVE('',#688,#690,#328,.T.);
#847=EDGE_CURVE('',#691,#689,#329,.T.);
#848=EDGE_CURVE('',#692,#691,#330,.T.);
#849=EDGE_CURVE('',#690,#692,#331,.T.);
#850=EDGE_CURVE('',#692,#683,#332,.T.);
#851=EDGE_CURVE('',#685,#691,#333,.T.);
#852=EDGE_CURVE('',#684,#690,#334,.T.);
#853=EDGE_CURVE('',#693,#694,#335,.T.);
#854=EDGE_CURVE('',#694,#695,#336,.T.);
#855=EDGE_CURVE('',#696,#695,#337,.T.);
#856=EDGE_CURVE('',#693,#696,#338,.T.);
#857=EDGE_CURVE('',#694,#684,#339,.T.);
#858=EDGE_CURVE('',#697,#693,#340,.T.);
#859=EDGE_CURVE('',#698,#697,#341,.T.);
#860=EDGE_CURVE('',#690,#698,#342,.T.);
#861=EDGE_CURVE('',#697,#699,#343,.T.);
#862=EDGE_CURVE('',#700,#696,#344,.T.);
#863=EDGE_CURVE('',#699,#700,#345,.T.);
#864=EDGE_CURVE('',#701,#698,#346,.T.);
#865=EDGE_CURVE('',#701,#702,#347,.T.);
#866=EDGE_CURVE('',#695,#702,#348,.T.);
#867=EDGE_CURVE('',#702,#700,#349,.T.);
#868=EDGE_CURVE('',#699,#703,#350,.T.);
#869=EDGE_CURVE('',#703,#704,#351,.T.);
#870=EDGE_CURVE('',#704,#697,#352,.T.);
#871=EDGE_CURVE('',#698,#705,#353,.T.);
#872=EDGE_CURVE('',#705,#706,#354,.T.);
#873=EDGE_CURVE('',#706,#701,#355,.T.);
#874=EDGE_CURVE('',#707,#708,#356,.T.);
#875=EDGE_CURVE('',#707,#706,#357,.T.);
#876=EDGE_CURVE('',#708,#705,#358,.T.);
#877=EDGE_CURVE('',#709,#704,#359,.T.);
#878=EDGE_CURVE('',#708,#709,#360,.T.);
#879=EDGE_CURVE('',#709,#710,#361,.T.);
#880=EDGE_CURVE('',#710,#703,#362,.T.);
#881=EDGE_CURVE('',#710,#707,#363,.T.);
#882=EDGE_CURVE('',#711,#712,#364,.T.);
#883=EDGE_CURVE('',#711,#713,#365,.T.);
#884=EDGE_CURVE('',#714,#713,#366,.T.);
#885=EDGE_CURVE('',#712,#714,#367,.T.);
#886=EDGE_CURVE('',#715,#711,#368,.T.);
#887=EDGE_CURVE('',#715,#716,#369,.T.);
#888=EDGE_CURVE('',#713,#716,#370,.T.);
#889=EDGE_CURVE('',#717,#715,#371,.T.);
#890=EDGE_CURVE('',#717,#718,#372,.T.);
#891=EDGE_CURVE('',#716,#718,#373,.T.);
#892=EDGE_CURVE('',#712,#717,#374,.T.);
#893=EDGE_CURVE('',#718,#714,#375,.T.);
#894=EDGE_CURVE('',#719,#720,#376,.T.);
#895=EDGE_CURVE('',#719,#721,#377,.T.);
#896=EDGE_CURVE('',#722,#721,#378,.T.);
#897=EDGE_CURVE('',#720,#722,#379,.T.);
#898=EDGE_CURVE('',#723,#719,#380,.T.);
#899=EDGE_CURVE('',#723,#724,#381,.T.);
#900=EDGE_CURVE('',#721,#724,#382,.T.);
#901=EDGE_CURVE('',#725,#723,#383,.T.);
#902=EDGE_CURVE('',#725,#726,#384,.T.);
#903=EDGE_CURVE('',#724,#726,#385,.T.);
#904=EDGE_CURVE('',#720,#725,#386,.T.);
#905=EDGE_CURVE('',#726,#722,#387,.T.);
#906=EDGE_CURVE('',#727,#728,#619,.T.);
#907=EDGE_CURVE('',#728,#729,#388,.T.);
#908=EDGE_CURVE('',#729,#730,#620,.T.);
#909=EDGE_CURVE('',#730,#731,#389,.T.);
#910=EDGE_CURVE('',#731,#732,#621,.T.);
#911=EDGE_CURVE('',#732,#733,#390,.T.);
#912=EDGE_CURVE('',#733,#734,#622,.T.);
#913=EDGE_CURVE('',#734,#727,#391,.T.);
#914=EDGE_CURVE('',#735,#736,#623,.T.);
#915=EDGE_CURVE('',#736,#737,#392,.T.);
#916=EDGE_CURVE('',#737,#738,#624,.T.);
#917=EDGE_CURVE('',#738,#739,#393,.T.);
#918=EDGE_CURVE('',#739,#663,#625,.T.);
#919=EDGE_CURVE('',#662,#740,#626,.T.);
#920=EDGE_CURVE('',#740,#735,#394,.T.);
#921=EDGE_CURVE('',#741,#741,#627,.T.);
#922=EDGE_CURVE('',#741,#742,#395,.T.);
#923=EDGE_CURVE('',#742,#742,#628,.T.);
#924=EDGE_CURVE('',#743,#743,#629,.T.);
#925=EDGE_CURVE('',#743,#744,#396,.T.);
#926=EDGE_CURVE('',#744,#744,#630,.T.);
#927=EDGE_CURVE('',#745,#746,#397,.T.);
#928=EDGE_CURVE('',#745,#747,#398,.T.);
#929=EDGE_CURVE('',#748,#747,#399,.T.);
#930=EDGE_CURVE('',#746,#748,#400,.T.);
#931=EDGE_CURVE('',#749,#745,#401,.T.);
#932=EDGE_CURVE('',#749,#750,#402,.T.);
#933=EDGE_CURVE('',#747,#750,#403,.T.);
#934=EDGE_CURVE('',#751,#749,#404,.T.);
#935=EDGE_CURVE('',#751,#752,#405,.T.);
#936=EDGE_CURVE('',#750,#752,#406,.T.);
#937=EDGE_CURVE('',#746,#751,#407,.T.);
#938=EDGE_CURVE('',#752,#748,#408,.T.);
#939=EDGE_CURVE('',#753,#737,#409,.T.);
#940=EDGE_CURVE('',#754,#753,#631,.T.);
#941=EDGE_CURVE('',#754,#738,#410,.T.);
#942=EDGE_CURVE('',#755,#754,#411,.T.);
#943=EDGE_CURVE('',#755,#739,#412,.T.);
#944=EDGE_CURVE('',#756,#757,#632,.T.);
#945=EDGE_CURVE('',#756,#736,#413,.T.);
#946=EDGE_CURVE('',#757,#735,#414,.T.);
#947=EDGE_CURVE('',#740,#758,#415,.T.);
#948=EDGE_CURVE('',#757,#758,#416,.T.);
#949=EDGE_CURVE('',#758,#661,#633,.T.);
#950=EDGE_CURVE('',#664,#755,#634,.T.);
#951=EDGE_CURVE('',#753,#756,#417,.T.);
#952=EDGE_CURVE('',#759,#727,#418,.T.);
#953=EDGE_CURVE('',#759,#760,#635,.T.);
#954=EDGE_CURVE('',#760,#728,#419,.T.);
#955=EDGE_CURVE('',#761,#734,#420,.T.);
#956=EDGE_CURVE('',#761,#759,#421,.T.);
#957=EDGE_CURVE('',#762,#763,#636,.T.);
#958=EDGE_CURVE('',#763,#730,#422,.T.);
#959=EDGE_CURVE('',#762,#729,#423,.T.);
#960=EDGE_CURVE('',#763,#764,#424,.T.);
#961=EDGE_CURVE('',#764,#731,#425,.T.);
#962=EDGE_CURVE('',#764,#765,#637,.T.);
#963=EDGE_CURVE('',#765,#732,#426,.T.);
#964=EDGE_CURVE('',#766,#761,#638,.T.);
#965=EDGE_CURVE('',#733,#766,#427,.T.);
#966=EDGE_CURVE('',#766,#765,#428,.T.);
#967=EDGE_CURVE('',#760,#762,#429,.T.);
#968=EDGE_CURVE('',#767,#768,#430,.T.);
#969=EDGE_CURVE('',#767,#769,#431,.T.);
#970=EDGE_CURVE('',#770,#769,#432,.T.);
#971=EDGE_CURVE('',#768,#770,#433,.T.);
#972=EDGE_CURVE('',#768,#771,#434,.T.);
#973=EDGE_CURVE('',#772,#770,#435,.T.);
#974=EDGE_CURVE('',#771,#772,#436,.T.);
#975=EDGE_CURVE('',#771,#767,#639,.T.);
#976=EDGE_CURVE('',#769,#772,#640,.T.);
#977=ORIENTED_EDGE('',*,*,#773,.T.);
#978=ORIENTED_EDGE('',*,*,#774,.T.);
#979=ORIENTED_EDGE('',*,*,#775,.T.);
#980=ORIENTED_EDGE('',*,*,#776,.T.);
#981=ORIENTED_EDGE('',*,*,#775,.F.);
#982=ORIENTED_EDGE('',*,*,#777,.T.);
#983=ORIENTED_EDGE('',*,*,#778,.F.);
#984=ORIENTED_EDGE('',*,*,#779,.T.);
#985=ORIENTED_EDGE('',*,*,#780,.F.);
#986=ORIENTED_EDGE('',*,*,#781,.T.);
#987=ORIENTED_EDGE('',*,*,#782,.F.);
#988=ORIENTED_EDGE('',*,*,#783,.T.);
#989=ORIENTED_EDGE('',*,*,#774,.F.);
#990=ORIENTED_EDGE('',*,*,#784,.F.);
#991=ORIENTED_EDGE('',*,*,#785,.F.);
#992=ORIENTED_EDGE('',*,*,#777,.F.);
#993=ORIENTED_EDGE('',*,*,#786,.T.);
#994=ORIENTED_EDGE('',*,*,#787,.T.);
#995=ORIENTED_EDGE('',*,*,#778,.T.);
#996=ORIENTED_EDGE('',*,*,#785,.T.);
#997=ORIENTED_EDGE('',*,*,#788,.T.);
#998=ORIENTED_EDGE('',*,*,#789,.T.);
#999=ORIENTED_EDGE('',*,*,#782,.T.);
#1000=ORIENTED_EDGE('',*,*,#790,.T.);
#1001=ORIENTED_EDGE('',*,*,#790,.F.);
#1002=ORIENTED_EDGE('',*,*,#781,.F.);
#1003=ORIENTED_EDGE('',*,*,#791,.F.);
#1004=ORIENTED_EDGE('',*,*,#792,.F.);
#1005=ORIENTED_EDGE('',*,*,#793,.T.);
#1006=ORIENTED_EDGE('',*,*,#791,.T.);
#1007=ORIENTED_EDGE('',*,*,#780,.T.);
#1008=ORIENTED_EDGE('',*,*,#794,.T.);
#1009=ORIENTED_EDGE('',*,*,#776,.F.);
#1010=ORIENTED_EDGE('',*,*,#783,.F.);
#1011=ORIENTED_EDGE('',*,*,#789,.F.);
#1012=ORIENTED_EDGE('',*,*,#795,.F.);
#1013=ORIENTED_EDGE('',*,*,#787,.F.);
#1014=ORIENTED_EDGE('',*,*,#796,.F.);
#1015=ORIENTED_EDGE('',*,*,#794,.F.);
#1016=ORIENTED_EDGE('',*,*,#779,.F.);
#1017=ORIENTED_EDGE('',*,*,#773,.F.);
#1018=ORIENTED_EDGE('',*,*,#795,.T.);
#1019=ORIENTED_EDGE('',*,*,#788,.F.);
#1020=ORIENTED_EDGE('',*,*,#792,.T.);
#1021=ORIENTED_EDGE('',*,*,#793,.F.);
#1022=ORIENTED_EDGE('',*,*,#796,.T.);
#1023=ORIENTED_EDGE('',*,*,#786,.F.);
#1024=ORIENTED_EDGE('',*,*,#784,.T.);
#1025=ORIENTED_EDGE('',*,*,#797,.F.);
#1026=ORIENTED_EDGE('',*,*,#798,.T.);
#1027=ORIENTED_EDGE('',*,*,#799,.F.);
#1028=ORIENTED_EDGE('',*,*,#800,.F.);
#1029=ORIENTED_EDGE('',*,*,#801,.T.);
#1030=ORIENTED_EDGE('',*,*,#802,.F.);
#1031=ORIENTED_EDGE('',*,*,#803,.F.);
#1032=ORIENTED_EDGE('',*,*,#804,.T.);
#1033=ORIENTED_EDGE('',*,*,#797,.T.);
#1034=ORIENTED_EDGE('',*,*,#805,.T.);
#1035=ORIENTED_EDGE('',*,*,#806,.T.);
#1036=ORIENTED_EDGE('',*,*,#807,.T.);
#1037=ORIENTED_EDGE('',*,*,#808,.T.);
#1038=ORIENTED_EDGE('',*,*,#809,.T.);
#1039=ORIENTED_EDGE('',*,*,#810,.T.);
#1040=ORIENTED_EDGE('',*,*,#811,.T.);
#1041=ORIENTED_EDGE('',*,*,#798,.F.);
#1042=ORIENTED_EDGE('',*,*,#812,.F.);
#1043=ORIENTED_EDGE('',*,*,#813,.T.);
#1044=ORIENTED_EDGE('',*,*,#814,.F.);
#1045=ORIENTED_EDGE('',*,*,#812,.T.);
#1046=ORIENTED_EDGE('',*,*,#815,.T.);
#1047=ORIENTED_EDGE('',*,*,#816,.T.);
#1048=ORIENTED_EDGE('',*,*,#817,.F.);
#1049=ORIENTED_EDGE('',*,*,#818,.T.);
#1050=ORIENTED_EDGE('',*,*,#809,.F.);
#1051=ORIENTED_EDGE('',*,*,#819,.T.);
#1052=ORIENTED_EDGE('',*,*,#820,.F.);
#1053=ORIENTED_EDGE('',*,*,#813,.F.);
#1054=ORIENTED_EDGE('',*,*,#818,.F.);
#1055=ORIENTED_EDGE('',*,*,#807,.F.);
#1056=ORIENTED_EDGE('',*,*,#816,.F.);
#1057=ORIENTED_EDGE('',*,*,#805,.F.);
#1058=ORIENTED_EDGE('',*,*,#800,.T.);
#1059=ORIENTED_EDGE('',*,*,#821,.F.);
#1060=ORIENTED_EDGE('',*,*,#822,.F.);
#1061=ORIENTED_EDGE('',*,*,#808,.F.);
#1062=ORIENTED_EDGE('',*,*,#822,.T.);
#1063=ORIENTED_EDGE('',*,*,#823,.F.);
#1064=ORIENTED_EDGE('',*,*,#819,.F.);
#1065=ORIENTED_EDGE('',*,*,#823,.T.);
#1066=ORIENTED_EDGE('',*,*,#821,.T.);
#1067=ORIENTED_EDGE('',*,*,#799,.T.);
#1068=ORIENTED_EDGE('',*,*,#814,.T.);
#1069=ORIENTED_EDGE('',*,*,#820,.T.);
#1070=ORIENTED_EDGE('',*,*,#817,.T.);
#1071=ORIENTED_EDGE('',*,*,#806,.F.);
#1072=ORIENTED_EDGE('',*,*,#815,.F.);
#1073=ORIENTED_EDGE('',*,*,#824,.T.);
#1074=ORIENTED_EDGE('',*,*,#825,.F.);
#1075=ORIENTED_EDGE('',*,*,#824,.F.);
#1076=ORIENTED_EDGE('',*,*,#811,.F.);
#1077=ORIENTED_EDGE('',*,*,#810,.F.);
#1078=ORIENTED_EDGE('',*,*,#826,.F.);
#1079=ORIENTED_EDGE('',*,*,#827,.T.);
#1080=ORIENTED_EDGE('',*,*,#828,.F.);
#1081=ORIENTED_EDGE('',*,*,#827,.F.);
#1082=ORIENTED_EDGE('',*,*,#829,.F.);
#1083=ORIENTED_EDGE('',*,*,#830,.T.);
#1084=ORIENTED_EDGE('',*,*,#831,.F.);
#1085=ORIENTED_EDGE('',*,*,#830,.F.);
#1086=ORIENTED_EDGE('',*,*,#832,.F.);
#1087=ORIENTED_EDGE('',*,*,#833,.T.);
#1088=ORIENTED_EDGE('',*,*,#834,.F.);
#1089=ORIENTED_EDGE('',*,*,#833,.F.);
#1090=ORIENTED_EDGE('',*,*,#835,.F.);
#1091=ORIENTED_EDGE('',*,*,#836,.T.);
#1092=ORIENTED_EDGE('',*,*,#837,.F.);
#1093=ORIENTED_EDGE('',*,*,#836,.F.);
#1094=ORIENTED_EDGE('',*,*,#838,.F.);
#1095=ORIENTED_EDGE('',*,*,#839,.T.);
#1096=ORIENTED_EDGE('',*,*,#840,.F.);
#1097=ORIENTED_EDGE('',*,*,#841,.F.);
#1098=ORIENTED_EDGE('',*,*,#842,.F.);
#1099=ORIENTED_EDGE('',*,*,#843,.F.);
#1100=ORIENTED_EDGE('',*,*,#841,.T.);
#1101=ORIENTED_EDGE('',*,*,#844,.F.);
#1102=ORIENTED_EDGE('',*,*,#845,.F.);
#1103=ORIENTED_EDGE('',*,*,#846,.F.);
#1104=ORIENTED_EDGE('',*,*,#845,.T.);
#1105=ORIENTED_EDGE('',*,*,#847,.F.);
#1106=ORIENTED_EDGE('',*,*,#848,.F.);
#1107=ORIENTED_EDGE('',*,*,#849,.F.);
#1108=ORIENTED_EDGE('',*,*,#850,.F.);
#1109=ORIENTED_EDGE('',*,*,#848,.T.);
#1110=ORIENTED_EDGE('',*,*,#851,.F.);
#1111=ORIENTED_EDGE('',*,*,#839,.F.);
#1112=ORIENTED_EDGE('',*,*,#852,.F.);
#1113=ORIENTED_EDGE('',*,*,#842,.T.);
#1114=ORIENTED_EDGE('',*,*,#843,.T.);
#1115=ORIENTED_EDGE('',*,*,#846,.T.);
#1116=ORIENTED_EDGE('',*,*,#851,.T.);
#1117=ORIENTED_EDGE('',*,*,#847,.T.);
#1118=ORIENTED_EDGE('',*,*,#844,.T.);
#1119=ORIENTED_EDGE('',*,*,#840,.T.);
#1120=ORIENTED_EDGE('',*,*,#853,.T.);
#1121=ORIENTED_EDGE('',*,*,#854,.T.);
#1122=ORIENTED_EDGE('',*,*,#855,.F.);
#1123=ORIENTED_EDGE('',*,*,#856,.F.);
#1124=ORIENTED_EDGE('',*,*,#838,.T.);
#1125=ORIENTED_EDGE('',*,*,#857,.F.);
#1126=ORIENTED_EDGE('',*,*,#853,.F.);
#1127=ORIENTED_EDGE('',*,*,#858,.F.);
#1128=ORIENTED_EDGE('',*,*,#859,.F.);
#1129=ORIENTED_EDGE('',*,*,#860,.F.);
#1130=ORIENTED_EDGE('',*,*,#849,.T.);
#1131=ORIENTED_EDGE('',*,*,#850,.T.);
#1132=ORIENTED_EDGE('',*,*,#861,.F.);
#1133=ORIENTED_EDGE('',*,*,#858,.T.);
#1134=ORIENTED_EDGE('',*,*,#856,.T.);
#1135=ORIENTED_EDGE('',*,*,#862,.F.);
#1136=ORIENTED_EDGE('',*,*,#863,.F.);
#1137=ORIENTED_EDGE('',*,*,#864,.F.);
#1138=ORIENTED_EDGE('',*,*,#865,.T.);
#1139=ORIENTED_EDGE('',*,*,#866,.F.);
#1140=ORIENTED_EDGE('',*,*,#854,.F.);
#1141=ORIENTED_EDGE('',*,*,#857,.T.);
#1142=ORIENTED_EDGE('',*,*,#852,.T.);
#1143=ORIENTED_EDGE('',*,*,#860,.T.);
#1144=ORIENTED_EDGE('',*,*,#866,.T.);
#1145=ORIENTED_EDGE('',*,*,#867,.T.);
#1146=ORIENTED_EDGE('',*,*,#862,.T.);
#1147=ORIENTED_EDGE('',*,*,#855,.T.);
#1148=ORIENTED_EDGE('',*,*,#861,.T.);
#1149=ORIENTED_EDGE('',*,*,#868,.T.);
#1150=ORIENTED_EDGE('',*,*,#869,.T.);
#1151=ORIENTED_EDGE('',*,*,#870,.T.);
#1152=ORIENTED_EDGE('',*,*,#864,.T.);
#1153=ORIENTED_EDGE('',*,*,#871,.T.);
#1154=ORIENTED_EDGE('',*,*,#872,.T.);
#1155=ORIENTED_EDGE('',*,*,#873,.T.);
#1156=ORIENTED_EDGE('',*,*,#874,.F.);
#1157=ORIENTED_EDGE('',*,*,#875,.T.);
#1158=ORIENTED_EDGE('',*,*,#872,.F.);
#1159=ORIENTED_EDGE('',*,*,#876,.F.);
#1160=ORIENTED_EDGE('',*,*,#859,.T.);
#1161=ORIENTED_EDGE('',*,*,#870,.F.);
#1162=ORIENTED_EDGE('',*,*,#877,.F.);
#1163=ORIENTED_EDGE('',*,*,#878,.F.);
#1164=ORIENTED_EDGE('',*,*,#876,.T.);
#1165=ORIENTED_EDGE('',*,*,#871,.F.);
#1166=ORIENTED_EDGE('',*,*,#879,.F.);
#1167=ORIENTED_EDGE('',*,*,#877,.T.);
#1168=ORIENTED_EDGE('',*,*,#869,.F.);
#1169=ORIENTED_EDGE('',*,*,#880,.F.);
#1170=ORIENTED_EDGE('',*,*,#881,.F.);
#1171=ORIENTED_EDGE('',*,*,#880,.T.);
#1172=ORIENTED_EDGE('',*,*,#868,.F.);
#1173=ORIENTED_EDGE('',*,*,#863,.T.);
#1174=ORIENTED_EDGE('',*,*,#867,.F.);
#1175=ORIENTED_EDGE('',*,*,#865,.F.);
#1176=ORIENTED_EDGE('',*,*,#873,.F.);
#1177=ORIENTED_EDGE('',*,*,#875,.F.);
#1178=ORIENTED_EDGE('',*,*,#882,.F.);
#1179=ORIENTED_EDGE('',*,*,#883,.T.);
#1180=ORIENTED_EDGE('',*,*,#884,.F.);
#1181=ORIENTED_EDGE('',*,*,#885,.F.);
#1182=ORIENTED_EDGE('',*,*,#886,.F.);
#1183=ORIENTED_EDGE('',*,*,#887,.T.);
#1184=ORIENTED_EDGE('',*,*,#888,.F.);
#1185=ORIENTED_EDGE('',*,*,#883,.F.);
#1186=ORIENTED_EDGE('',*,*,#889,.F.);
#1187=ORIENTED_EDGE('',*,*,#890,.T.);
#1188=ORIENTED_EDGE('',*,*,#891,.F.);
#1189=ORIENTED_EDGE('',*,*,#887,.F.);
#1190=ORIENTED_EDGE('',*,*,#892,.F.);
#1191=ORIENTED_EDGE('',*,*,#885,.T.);
#1192=ORIENTED_EDGE('',*,*,#893,.F.);
#1193=ORIENTED_EDGE('',*,*,#890,.F.);
#1194=ORIENTED_EDGE('',*,*,#894,.F.);
#1195=ORIENTED_EDGE('',*,*,#895,.T.);
#1196=ORIENTED_EDGE('',*,*,#896,.F.);
#1197=ORIENTED_EDGE('',*,*,#897,.F.);
#1198=ORIENTED_EDGE('',*,*,#898,.F.);
#1199=ORIENTED_EDGE('',*,*,#899,.T.);
#1200=ORIENTED_EDGE('',*,*,#900,.F.);
#1201=ORIENTED_EDGE('',*,*,#895,.F.);
#1202=ORIENTED_EDGE('',*,*,#901,.F.);
#1203=ORIENTED_EDGE('',*,*,#902,.T.);
#1204=ORIENTED_EDGE('',*,*,#903,.F.);
#1205=ORIENTED_EDGE('',*,*,#899,.F.);
#1206=ORIENTED_EDGE('',*,*,#904,.F.);
#1207=ORIENTED_EDGE('',*,*,#897,.T.);
#1208=ORIENTED_EDGE('',*,*,#905,.F.);
#1209=ORIENTED_EDGE('',*,*,#902,.F.);
#1210=ORIENTED_EDGE('',*,*,#906,.T.);
#1211=ORIENTED_EDGE('',*,*,#907,.T.);
#1212=ORIENTED_EDGE('',*,*,#908,.T.);
#1213=ORIENTED_EDGE('',*,*,#909,.T.);
#1214=ORIENTED_EDGE('',*,*,#910,.T.);
#1215=ORIENTED_EDGE('',*,*,#911,.T.);
#1216=ORIENTED_EDGE('',*,*,#912,.T.);
#1217=ORIENTED_EDGE('',*,*,#913,.T.);
#1218=ORIENTED_EDGE('',*,*,#914,.T.);
#1219=ORIENTED_EDGE('',*,*,#915,.T.);
#1220=ORIENTED_EDGE('',*,*,#916,.T.);
#1221=ORIENTED_EDGE('',*,*,#917,.T.);
#1222=ORIENTED_EDGE('',*,*,#918,.T.);
#1223=ORIENTED_EDGE('',*,*,#802,.T.);
#1224=ORIENTED_EDGE('',*,*,#919,.T.);
#1225=ORIENTED_EDGE('',*,*,#920,.T.);
#1226=ORIENTED_EDGE('',*,*,#921,.F.);
#1227=ORIENTED_EDGE('',*,*,#922,.T.);
#1228=ORIENTED_EDGE('',*,*,#923,.F.);
#1229=ORIENTED_EDGE('',*,*,#922,.F.);
#1230=ORIENTED_EDGE('',*,*,#924,.F.);
#1231=ORIENTED_EDGE('',*,*,#925,.T.);
#1232=ORIENTED_EDGE('',*,*,#926,.F.);
#1233=ORIENTED_EDGE('',*,*,#925,.F.);
#1234=ORIENTED_EDGE('',*,*,#927,.F.);
#1235=ORIENTED_EDGE('',*,*,#928,.T.);
#1236=ORIENTED_EDGE('',*,*,#929,.F.);
#1237=ORIENTED_EDGE('',*,*,#930,.F.);
#1238=ORIENTED_EDGE('',*,*,#931,.F.);
#1239=ORIENTED_EDGE('',*,*,#932,.T.);
#1240=ORIENTED_EDGE('',*,*,#933,.F.);
#1241=ORIENTED_EDGE('',*,*,#928,.F.);
#1242=ORIENTED_EDGE('',*,*,#934,.F.);
#1243=ORIENTED_EDGE('',*,*,#935,.T.);
#1244=ORIENTED_EDGE('',*,*,#936,.F.);
#1245=ORIENTED_EDGE('',*,*,#932,.F.);
#1246=ORIENTED_EDGE('',*,*,#937,.F.);
#1247=ORIENTED_EDGE('',*,*,#930,.T.);
#1248=ORIENTED_EDGE('',*,*,#938,.F.);
#1249=ORIENTED_EDGE('',*,*,#935,.F.);
#1250=ORIENTED_EDGE('',*,*,#939,.F.);
#1251=ORIENTED_EDGE('',*,*,#940,.F.);
#1252=ORIENTED_EDGE('',*,*,#941,.T.);
#1253=ORIENTED_EDGE('',*,*,#916,.F.);
#1254=ORIENTED_EDGE('',*,*,#941,.F.);
#1255=ORIENTED_EDGE('',*,*,#942,.F.);
#1256=ORIENTED_EDGE('',*,*,#943,.T.);
#1257=ORIENTED_EDGE('',*,*,#917,.F.);
#1258=ORIENTED_EDGE('',*,*,#944,.F.);
#1259=ORIENTED_EDGE('',*,*,#945,.T.);
#1260=ORIENTED_EDGE('',*,*,#914,.F.);
#1261=ORIENTED_EDGE('',*,*,#946,.F.);
#1262=ORIENTED_EDGE('',*,*,#946,.T.);
#1263=ORIENTED_EDGE('',*,*,#920,.F.);
#1264=ORIENTED_EDGE('',*,*,#947,.T.);
#1265=ORIENTED_EDGE('',*,*,#948,.F.);
#1266=ORIENTED_EDGE('',*,*,#874,.T.);
#1267=ORIENTED_EDGE('',*,*,#878,.T.);
#1268=ORIENTED_EDGE('',*,*,#879,.T.);
#1269=ORIENTED_EDGE('',*,*,#881,.T.);
#1270=ORIENTED_EDGE('',*,*,#882,.T.);
#1271=ORIENTED_EDGE('',*,*,#892,.T.);
#1272=ORIENTED_EDGE('',*,*,#889,.T.);
#1273=ORIENTED_EDGE('',*,*,#886,.T.);
#1274=ORIENTED_EDGE('',*,*,#894,.T.);
#1275=ORIENTED_EDGE('',*,*,#904,.T.);
#1276=ORIENTED_EDGE('',*,*,#901,.T.);
#1277=ORIENTED_EDGE('',*,*,#898,.T.);
#1278=ORIENTED_EDGE('',*,*,#801,.F.);
#1279=ORIENTED_EDGE('',*,*,#949,.F.);
#1280=ORIENTED_EDGE('',*,*,#947,.F.);
#1281=ORIENTED_EDGE('',*,*,#919,.F.);
#1282=ORIENTED_EDGE('',*,*,#950,.F.);
#1283=ORIENTED_EDGE('',*,*,#803,.T.);
#1284=ORIENTED_EDGE('',*,*,#918,.F.);
#1285=ORIENTED_EDGE('',*,*,#943,.F.);
#1286=ORIENTED_EDGE('',*,*,#940,.T.);
#1287=ORIENTED_EDGE('',*,*,#951,.T.);
#1288=ORIENTED_EDGE('',*,*,#944,.T.);
#1289=ORIENTED_EDGE('',*,*,#948,.T.);
#1290=ORIENTED_EDGE('',*,*,#949,.T.);
#1291=ORIENTED_EDGE('',*,*,#804,.F.);
#1292=ORIENTED_EDGE('',*,*,#950,.T.);
#1293=ORIENTED_EDGE('',*,*,#942,.T.);
#1294=ORIENTED_EDGE('',*,*,#826,.T.);
#1295=ORIENTED_EDGE('',*,*,#829,.T.);
#1296=ORIENTED_EDGE('',*,*,#832,.T.);
#1297=ORIENTED_EDGE('',*,*,#835,.T.);
#1298=ORIENTED_EDGE('',*,*,#923,.T.);
#1299=ORIENTED_EDGE('',*,*,#926,.T.);
#1300=ORIENTED_EDGE('',*,*,#929,.T.);
#1301=ORIENTED_EDGE('',*,*,#933,.T.);
#1302=ORIENTED_EDGE('',*,*,#936,.T.);
#1303=ORIENTED_EDGE('',*,*,#938,.T.);
#1304=ORIENTED_EDGE('',*,*,#939,.T.);
#1305=ORIENTED_EDGE('',*,*,#915,.F.);
#1306=ORIENTED_EDGE('',*,*,#945,.F.);
#1307=ORIENTED_EDGE('',*,*,#951,.F.);
#1308=ORIENTED_EDGE('',*,*,#952,.F.);
#1309=ORIENTED_EDGE('',*,*,#953,.T.);
#1310=ORIENTED_EDGE('',*,*,#954,.T.);
#1311=ORIENTED_EDGE('',*,*,#906,.F.);
#1312=ORIENTED_EDGE('',*,*,#952,.T.);
#1313=ORIENTED_EDGE('',*,*,#913,.F.);
#1314=ORIENTED_EDGE('',*,*,#955,.F.);
#1315=ORIENTED_EDGE('',*,*,#956,.T.);
#1316=ORIENTED_EDGE('',*,*,#957,.T.);
#1317=ORIENTED_EDGE('',*,*,#958,.T.);
#1318=ORIENTED_EDGE('',*,*,#908,.F.);
#1319=ORIENTED_EDGE('',*,*,#959,.F.);
#1320=ORIENTED_EDGE('',*,*,#958,.F.);
#1321=ORIENTED_EDGE('',*,*,#960,.T.);
#1322=ORIENTED_EDGE('',*,*,#961,.T.);
#1323=ORIENTED_EDGE('',*,*,#909,.F.);
#1324=ORIENTED_EDGE('',*,*,#884,.T.);
#1325=ORIENTED_EDGE('',*,*,#888,.T.);
#1326=ORIENTED_EDGE('',*,*,#891,.T.);
#1327=ORIENTED_EDGE('',*,*,#893,.T.);
#1328=ORIENTED_EDGE('',*,*,#896,.T.);
#1329=ORIENTED_EDGE('',*,*,#900,.T.);
#1330=ORIENTED_EDGE('',*,*,#903,.T.);
#1331=ORIENTED_EDGE('',*,*,#905,.T.);
#1332=ORIENTED_EDGE('',*,*,#961,.F.);
#1333=ORIENTED_EDGE('',*,*,#962,.T.);
#1334=ORIENTED_EDGE('',*,*,#963,.T.);
#1335=ORIENTED_EDGE('',*,*,#910,.F.);
#1336=ORIENTED_EDGE('',*,*,#964,.T.);
#1337=ORIENTED_EDGE('',*,*,#955,.T.);
#1338=ORIENTED_EDGE('',*,*,#912,.F.);
#1339=ORIENTED_EDGE('',*,*,#965,.T.);
#1340=ORIENTED_EDGE('',*,*,#953,.F.);
#1341=ORIENTED_EDGE('',*,*,#956,.F.);
#1342=ORIENTED_EDGE('',*,*,#964,.F.);
#1343=ORIENTED_EDGE('',*,*,#966,.T.);
#1344=ORIENTED_EDGE('',*,*,#962,.F.);
#1345=ORIENTED_EDGE('',*,*,#960,.F.);
#1346=ORIENTED_EDGE('',*,*,#957,.F.);
#1347=ORIENTED_EDGE('',*,*,#967,.F.);
#1348=ORIENTED_EDGE('',*,*,#828,.T.);
#1349=ORIENTED_EDGE('',*,*,#831,.T.);
#1350=ORIENTED_EDGE('',*,*,#834,.T.);
#1351=ORIENTED_EDGE('',*,*,#837,.T.);
#1352=ORIENTED_EDGE('',*,*,#921,.T.);
#1353=ORIENTED_EDGE('',*,*,#924,.T.);
#1354=ORIENTED_EDGE('',*,*,#927,.T.);
#1355=ORIENTED_EDGE('',*,*,#937,.T.);
#1356=ORIENTED_EDGE('',*,*,#934,.T.);
#1357=ORIENTED_EDGE('',*,*,#931,.T.);
#1358=ORIENTED_EDGE('',*,*,#963,.F.);
#1359=ORIENTED_EDGE('',*,*,#966,.F.);
#1360=ORIENTED_EDGE('',*,*,#965,.F.);
#1361=ORIENTED_EDGE('',*,*,#911,.F.);
#1362=ORIENTED_EDGE('',*,*,#825,.T.);
#1363=ORIENTED_EDGE('',*,*,#954,.F.);
#1364=ORIENTED_EDGE('',*,*,#967,.T.);
#1365=ORIENTED_EDGE('',*,*,#959,.T.);
#1366=ORIENTED_EDGE('',*,*,#907,.F.);
#1367=ORIENTED_EDGE('',*,*,#968,.F.);
#1368=ORIENTED_EDGE('',*,*,#969,.T.);
#1369=ORIENTED_EDGE('',*,*,#970,.F.);
#1370=ORIENTED_EDGE('',*,*,#971,.F.);
#1371=ORIENTED_EDGE('',*,*,#972,.F.);
#1372=ORIENTED_EDGE('',*,*,#971,.T.);
#1373=ORIENTED_EDGE('',*,*,#973,.F.);
#1374=ORIENTED_EDGE('',*,*,#974,.F.);
#1375=ORIENTED_EDGE('',*,*,#975,.F.);
#1376=ORIENTED_EDGE('',*,*,#974,.T.);
#1377=ORIENTED_EDGE('',*,*,#976,.F.);
#1378=ORIENTED_EDGE('',*,*,#969,.F.);
#1379=ORIENTED_EDGE('',*,*,#976,.T.);
#1380=ORIENTED_EDGE('',*,*,#973,.T.);
#1381=ORIENTED_EDGE('',*,*,#970,.T.);
#1382=ORIENTED_EDGE('',*,*,#975,.T.);
#1383=ORIENTED_EDGE('',*,*,#968,.T.);
#1384=ORIENTED_EDGE('',*,*,#972,.T.);
#1385=CYLINDRICAL_SURFACE('',#1500,10.);
#1386=CYLINDRICAL_SURFACE('',#1508,10.);
#1387=CYLINDRICAL_SURFACE('',#1510,10.);
#1388=CYLINDRICAL_SURFACE('',#1513,10.);
#1389=CYLINDRICAL_SURFACE('',#1523,6.);
#1390=CYLINDRICAL_SURFACE('',#1533,6.);
#1391=CYLINDRICAL_SURFACE('',#1535,1.1);
#1392=CYLINDRICAL_SURFACE('',#1538,1.1);
#1393=CYLINDRICAL_SURFACE('',#1541,0.909856008226342);
#1394=CYLINDRICAL_SURFACE('',#1544,0.905988885272926);
#1395=CYLINDRICAL_SURFACE('',#1581,8.);
#1396=CYLINDRICAL_SURFACE('',#1584,8.);
#1397=CYLINDRICAL_SURFACE('',#1591,6.);
#1398=CYLINDRICAL_SURFACE('',#1594,6.);
#1399=CYLINDRICAL_SURFACE('',#1597,6.);
#1400=CYLINDRICAL_SURFACE('',#1599,6.);
#1401=CYLINDRICAL_SURFACE('',#1603,10.);
#1402=CYLINDRICAL_SURFACE('',#1606,10.);
#1403=CYLINDRICAL_SURFACE('',#1609,10.);
#1404=CYLINDRICAL_SURFACE('',#1611,10.);
#1405=CYLINDRICAL_SURFACE('',#1618,6.);
#1406=ADVANCED_FACE('',(#103),#1385,.T.);
#1407=ADVANCED_FACE('',(#104),#47,.F.);
#1408=ADVANCED_FACE('',(#105),#48,.T.);
#1409=ADVANCED_FACE('',(#106),#1386,.T.);
#1410=ADVANCED_FACE('',(#107),#1387,.T.);
#1411=ADVANCED_FACE('',(#108),#49,.T.);
#1412=ADVANCED_FACE('',(#109),#1388,.T.);
#1413=ADVANCED_FACE('',(#110),#50,.T.);
#1414=ADVANCED_FACE('',(#111),#51,.T.);
#1415=ADVANCED_FACE('',(#112),#52,.T.);
#1416=ADVANCED_FACE('',(#113),#53,.T.);
#1417=ADVANCED_FACE('',(#114,#15),#54,.F.);
#1418=ADVANCED_FACE('',(#115),#1389,.T.);
#1419=ADVANCED_FACE('',(#116),#55,.F.);
#1420=ADVANCED_FACE('',(#117),#56,.T.);
#1421=ADVANCED_FACE('',(#118),#57,.T.);
#1422=ADVANCED_FACE('',(#119),#58,.T.);
#1423=ADVANCED_FACE('',(#120),#59,.T.);
#1424=ADVANCED_FACE('',(#121),#1390,.F.);
#1425=ADVANCED_FACE('',(#122),#1391,.F.);
#1426=ADVANCED_FACE('',(#123),#1392,.F.);
#1427=ADVANCED_FACE('',(#124),#1393,.F.);
#1428=ADVANCED_FACE('',(#125),#1394,.F.);
#1429=ADVANCED_FACE('',(#126),#60,.T.);
#1430=ADVANCED_FACE('',(#127),#61,.T.);
#1431=ADVANCED_FACE('',(#128),#62,.T.);
#1432=ADVANCED_FACE('',(#129),#63,.T.);
#1433=ADVANCED_FACE('',(#130),#64,.T.);
#1434=ADVANCED_FACE('',(#131),#65,.T.);
#1435=ADVANCED_FACE('',(#132),#66,.T.);
#1436=ADVANCED_FACE('',(#133),#67,.F.);
#1437=ADVANCED_FACE('',(#134),#68,.T.);
#1438=ADVANCED_FACE('',(#135),#69,.T.);
#1439=ADVANCED_FACE('',(#136),#70,.T.);
#1440=ADVANCED_FACE('',(#137),#71,.T.);
#1441=ADVANCED_FACE('',(#138),#72,.T.);
#1442=ADVANCED_FACE('',(#139),#73,.T.);
#1443=ADVANCED_FACE('',(#140),#74,.T.);
#1444=ADVANCED_FACE('',(#141),#75,.T.);
#1445=ADVANCED_FACE('',(#142),#76,.T.);
#1446=ADVANCED_FACE('',(#143),#77,.F.);
#1447=ADVANCED_FACE('',(#144),#78,.F.);
#1448=ADVANCED_FACE('',(#145),#79,.F.);
#1449=ADVANCED_FACE('',(#146),#80,.F.);
#1450=ADVANCED_FACE('',(#147),#81,.F.);
#1451=ADVANCED_FACE('',(#148),#82,.F.);
#1452=ADVANCED_FACE('',(#149),#83,.F.);
#1453=ADVANCED_FACE('',(#150),#84,.F.);
#1454=ADVANCED_FACE('',(#151,#16),#85,.T.);
#1455=ADVANCED_FACE('',(#152),#1395,.F.);
#1456=ADVANCED_FACE('',(#153),#1396,.F.);
#1457=ADVANCED_FACE('',(#154),#86,.F.);
#1458=ADVANCED_FACE('',(#155),#87,.F.);
#1459=ADVANCED_FACE('',(#156),#88,.F.);
#1460=ADVANCED_FACE('',(#157),#89,.F.);
#1461=ADVANCED_FACE('',(#158),#1397,.F.);
#1462=ADVANCED_FACE('',(#159),#90,.F.);
#1463=ADVANCED_FACE('',(#160),#1398,.F.);
#1464=ADVANCED_FACE('',(#161,#17,#18,#19),#91,.F.);
#1465=ADVANCED_FACE('',(#162),#1399,.F.);
#1466=ADVANCED_FACE('',(#163),#1400,.F.);
#1467=ADVANCED_FACE('',(#164,#20,#21,#22,#23,#24,#25,#26),#92,.F.);
#1468=ADVANCED_FACE('',(#165),#93,.T.);
#1469=ADVANCED_FACE('',(#166),#1401,.T.);
#1470=ADVANCED_FACE('',(#167),#94,.T.);
#1471=ADVANCED_FACE('',(#168),#1402,.T.);
#1472=ADVANCED_FACE('',(#169,#27,#28),#95,.T.);
#1473=ADVANCED_FACE('',(#170),#1403,.T.);
#1474=ADVANCED_FACE('',(#171),#1404,.T.);
#1475=ADVANCED_FACE('',(#172,#29,#30,#31,#32,#33,#34,#35),#96,.T.);
#1476=ADVANCED_FACE('',(#173,#36),#97,.T.);
#1477=ADVANCED_FACE('',(#174),#98,.F.);
#1478=ADVANCED_FACE('',(#175),#99,.T.);
#1479=ADVANCED_FACE('',(#176),#100,.T.);
#1480=ADVANCED_FACE('',(#177),#1405,.F.);
#1481=ADVANCED_FACE('',(#178),#101,.T.);
#1482=ADVANCED_FACE('',(#179),#102,.F.);
#1483=CLOSED_SHELL('',(#1406,#1407,#1408,#1409,#1410,#1411,#1412,#1413,
#1414,#1415));
#1484=CLOSED_SHELL('',(#1416,#1417,#1418,#1419,#1420,#1421,#1422,#1423,
#1424,#1425,#1426,#1427,#1428,#1429,#1430,#1431,#1432,#1433,#1434,#1435,
#1436,#1437,#1438,#1439,#1440,#1441,#1442,#1443,#1444,#1445,#1446,#1447,
#1448,#1449,#1450,#1451,#1452,#1453,#1454,#1455,#1456,#1457,#1458,#1459,
#1460,#1461,#1462,#1463,#1464,#1465,#1466,#1467,#1468,#1469,#1470,#1471,
#1472,#1473,#1474,#1475,#1476,#1477));
#1485=CLOSED_SHELL('',(#1478,#1479,#1480,#1481,#1482));
#1486=DERIVED_UNIT_ELEMENT(#1488,1.);
#1487=DERIVED_UNIT_ELEMENT(#2457,-3.);
#1488=(
MASS_UNIT()
NAMED_UNIT(*)
SI_UNIT(.KILO.,.GRAM.)
);
#1489=DERIVED_UNIT((#1486,#1487));
#1490=MEASURE_REPRESENTATION_ITEM('density measure',
POSITIVE_RATIO_MEASURE(7850.),#1489);
#1491=PROPERTY_DEFINITION_REPRESENTATION(#1496,#1493);
#1492=PROPERTY_DEFINITION_REPRESENTATION(#1497,#1494);
#1493=REPRESENTATION('material name',(#1495),#2454);
#1494=REPRESENTATION('density',(#1490),#2454);
#1495=DESCRIPTIVE_REPRESENTATION_ITEM('Steel','Steel');
#1496=PROPERTY_DEFINITION('material property','material name',#2469);
#1497=PROPERTY_DEFINITION('material property','density of part',#2469);
#1498=AXIS2_PLACEMENT_3D('',#2034,#1624,#1625);
#1499=AXIS2_PLACEMENT_3D('',#2035,#1626,#1627);
#1500=AXIS2_PLACEMENT_3D('',#2036,#1628,#1629);
#1501=AXIS2_PLACEMENT_3D('',#2039,#1630,#1631);
#1502=AXIS2_PLACEMENT_3D('',#2043,#1633,#1634);
#1503=AXIS2_PLACEMENT_3D('',#2045,#1636,#1637);
#1504=AXIS2_PLACEMENT_3D('',#2049,#1639,#1640);
#1505=AXIS2_PLACEMENT_3D('',#2053,#1642,#1643);
#1506=AXIS2_PLACEMENT_3D('',#2057,#1645,#1646);
#1507=AXIS2_PLACEMENT_3D('',#2059,#1648,#1649);
#1508=AXIS2_PLACEMENT_3D('',#2063,#1652,#1653);
#1509=AXIS2_PLACEMENT_3D('',#2065,#1654,#1655);
#1510=AXIS2_PLACEMENT_3D('',#2067,#1657,#1658);
#1511=AXIS2_PLACEMENT_3D('',#2070,#1659,#1660);
#1512=AXIS2_PLACEMENT_3D('',#2073,#1663,#1664);
#1513=AXIS2_PLACEMENT_3D('',#2077,#1667,#1668);
#1514=AXIS2_PLACEMENT_3D('',#2079,#1669,#1670);
#1515=AXIS2_PLACEMENT_3D('',#2081,#1672,#1673);
#1516=AXIS2_PLACEMENT_3D('',#2083,#1675,#1676);
#1517=AXIS2_PLACEMENT_3D('',#2085,#1678,#1679);
#1518=AXIS2_PLACEMENT_3D('',#2086,#1680,#1681);
#1519=AXIS2_PLACEMENT_3D('',#2095,#1686,#1687);
#1520=AXIS2_PLACEMENT_3D('',#2107,#1693,#1694);
#1521=AXIS2_PLACEMENT_3D('',#2115,#1698,#1699);
#1522=AXIS2_PLACEMENT_3D('',#2116,#1700,#1701);
#1523=AXIS2_PLACEMENT_3D('',#2117,#1702,#1703);
#1524=AXIS2_PLACEMENT_3D('',#2118,#1704,#1705);
#1525=AXIS2_PLACEMENT_3D('',#2121,#1707,#1708);
#1526=AXIS2_PLACEMENT_3D('',#2122,#1709,#1710);
#1527=AXIS2_PLACEMENT_3D('',#2123,#1711,#1712);
#1528=AXIS2_PLACEMENT_3D('',#2125,#1714,#1715);
#1529=AXIS2_PLACEMENT_3D('',#2127,#1717,#1718);
#1530=AXIS2_PLACEMENT_3D('',#2131,#1721,#1722);
#1531=AXIS2_PLACEMENT_3D('',#2135,#1725,#1726);
#1532=AXIS2_PLACEMENT_3D('',#2137,#1728,#1729);
#1533=AXIS2_PLACEMENT_3D('',#2138,#1730,#1731);
#1534=AXIS2_PLACEMENT_3D('',#2141,#1733,#1734);
#1535=AXIS2_PLACEMENT_3D('',#2142,#1735,#1736);
#1536=AXIS2_PLACEMENT_3D('',#2144,#1737,#1738);
#1537=AXIS2_PLACEMENT_3D('',#2147,#1740,#1741);
#1538=AXIS2_PLACEMENT_3D('',#2148,#1742,#1743);
#1539=AXIS2_PLACEMENT_3D('',#2150,#1744,#1745);
#1540=AXIS2_PLACEMENT_3D('',#2153,#1747,#1748);
#1541=AXIS2_PLACEMENT_3D('',#2154,#1749,#1750);
#1542=AXIS2_PLACEMENT_3D('',#2156,#1751,#1752);
#1543=AXIS2_PLACEMENT_3D('',#2159,#1754,#1755);
#1544=AXIS2_PLACEMENT_3D('',#2160,#1756,#1757);
#1545=AXIS2_PLACEMENT_3D('',#2162,#1758,#1759);
#1546=AXIS2_PLACEMENT_3D('',#2165,#1761,#1762);
#1547=AXIS2_PLACEMENT_3D('',#2166,#1763,#1764);
#1548=AXIS2_PLACEMENT_3D('',#2177,#1770,#1771);
#1549=AXIS2_PLACEMENT_3D('',#2183,#1775,#1776);
#1550=AXIS2_PLACEMENT_3D('',#2191,#1781,#1782);
#1551=AXIS2_PLACEMENT_3D('',#2194,#1785,#1786);
#1552=AXIS2_PLACEMENT_3D('',#2196,#1788,#1789);
#1553=AXIS2_PLACEMENT_3D('',#2197,#1790,#1791);
#1554=AXIS2_PLACEMENT_3D('',#2206,#1796,#1797);
#1555=AXIS2_PLACEMENT_3D('',#2213,#1802,#1803);
#1556=AXIS2_PLACEMENT_3D('',#2219,#1807,#1808);
#1557=AXIS2_PLACEMENT_3D('',#2225,#1812,#1813);
#1558=AXIS2_PLACEMENT_3D('',#2227,#1815,#1816);
#1559=AXIS2_PLACEMENT_3D('',#2233,#1820,#1821);
#1560=AXIS2_PLACEMENT_3D('',#2239,#1825,#1826);
#1561=AXIS2_PLACEMENT_3D('',#2245,#1830,#1831);
#1562=AXIS2_PLACEMENT_3D('',#2249,#1834,#1835);
#1563=AXIS2_PLACEMENT_3D('',#2253,#1838,#1839);
#1564=AXIS2_PLACEMENT_3D('',#2255,#1841,#1842);
#1565=AXIS2_PLACEMENT_3D('',#2264,#1847,#1848);
#1566=AXIS2_PLACEMENT_3D('',#2270,#1852,#1853);
#1567=AXIS2_PLACEMENT_3D('',#2276,#1857,#1858);
#1568=AXIS2_PLACEMENT_3D('',#2279,#1861,#1862);
#1569=AXIS2_PLACEMENT_3D('',#2288,#1867,#1868);
#1570=AXIS2_PLACEMENT_3D('',#2294,#1872,#1873);
#1571=AXIS2_PLACEMENT_3D('',#2300,#1877,#1878);
#1572=AXIS2_PLACEMENT_3D('',#2303,#1881,#1882);
#1573=AXIS2_PLACEMENT_3D('',#2306,#1883,#1884);
#1574=AXIS2_PLACEMENT_3D('',#2310,#1886,#1887);
#1575=AXIS2_PLACEMENT_3D('',#2314,#1889,#1890);
#1576=AXIS2_PLACEMENT_3D('',#2318,#1892,#1893);
#1577=AXIS2_PLACEMENT_3D('',#2322,#1895,#1896);
#1578=AXIS2_PLACEMENT_3D('',#2326,#1898,#1899);
#1579=AXIS2_PLACEMENT_3D('',#2329,#1901,#1902);
#1580=AXIS2_PLACEMENT_3D('',#2331,#1903,#1904);
#1581=AXIS2_PLACEMENT_3D('',#2333,#1906,#1907);
#1582=AXIS2_PLACEMENT_3D('',#2335,#1908,#1909);
#1583=AXIS2_PLACEMENT_3D('',#2338,#1911,#1912);
#1584=AXIS2_PLACEMENT_3D('',#2339,#1913,#1914);
#1585=AXIS2_PLACEMENT_3D('',#2341,#1915,#1916);
#1586=AXIS2_PLACEMENT_3D('',#2344,#1918,#1919);
#1587=AXIS2_PLACEMENT_3D('',#2345,#1920,#1921);
#1588=AXIS2_PLACEMENT_3D('',#2354,#1926,#1927);
#1589=AXIS2_PLACEMENT_3D('',#2360,#1931,#1932);
#1590=AXIS2_PLACEMENT_3D('',#2366,#1936,#1937);
#1591=AXIS2_PLACEMENT_3D('',#2369,#1940,#1941);
#1592=AXIS2_PLACEMENT_3D('',#2373,#1943,#1944);
#1593=AXIS2_PLACEMENT_3D('',#2375,#1946,#1947);
#1594=AXIS2_PLACEMENT_3D('',#2379,#1950,#1951);
#1595=AXIS2_PLACEMENT_3D('',#2382,#1952,#1953);
#1596=AXIS2_PLACEMENT_3D('',#2385,#1956,#1957);
#1597=AXIS2_PLACEMENT_3D('',#2389,#1960,#1961);
#1598=AXIS2_PLACEMENT_3D('',#2390,#1962,#1963);
#1599=AXIS2_PLACEMENT_3D('',#2391,#1964,#1965);
#1600=AXIS2_PLACEMENT_3D('',#2392,#1966,#1967);
#1601=AXIS2_PLACEMENT_3D('',#2393,#1968,#1969);
#1602=AXIS2_PLACEMENT_3D('',#2395,#1971,#1972);
#1603=AXIS2_PLACEMENT_3D('',#2396,#1973,#1974);
#1604=AXIS2_PLACEMENT_3D('',#2400,#1976,#1977);
#1605=AXIS2_PLACEMENT_3D('',#2402,#1979,#1980);
#1606=AXIS2_PLACEMENT_3D('',#2406,#1983,#1984);
#1607=AXIS2_PLACEMENT_3D('',#2409,#1985,#1986);
#1608=AXIS2_PLACEMENT_3D('',#2412,#1989,#1990);
#1609=AXIS2_PLACEMENT_3D('',#2416,#1993,#1994);
#1610=AXIS2_PLACEMENT_3D('',#2418,#1995,#1996);
#1611=AXIS2_PLACEMENT_3D('',#2420,#1998,#1999);
#1612=AXIS2_PLACEMENT_3D('',#2422,#2000,#2001);
#1613=AXIS2_PLACEMENT_3D('',#2424,#2003,#2004);
#1614=AXIS2_PLACEMENT_3D('',#2427,#2007,#2008);
#1615=AXIS2_PLACEMENT_3D('',#2428,#2009,#2010);
#1616=AXIS2_PLACEMENT_3D('',#2429,#2011,#2012);
#1617=AXIS2_PLACEMENT_3D('',#2438,#2017,#2018);
#1618=AXIS2_PLACEMENT_3D('',#2444,#2022,#2023);
#1619=AXIS2_PLACEMENT_3D('',#2445,#2024,#2025);
#1620=AXIS2_PLACEMENT_3D('',#2446,#2026,#2027);
#1621=AXIS2_PLACEMENT_3D('',#2447,#2028,#2029);
#1622=AXIS2_PLACEMENT_3D('',#2448,#2030,#2031);
#1623=AXIS2_PLACEMENT_3D('',#2449,#2032,#2033);
#1624=DIRECTION('axis',(0.,0.,1.));
#1625=DIRECTION('refdir',(1.,0.,0.));
#1626=DIRECTION('axis',(0.,0.,1.));
#1627=DIRECTION('refdir',(1.,0.,0.));
#1628=DIRECTION('center_axis',(0.,-1.,-2.22044604925031E-16));
#1629=DIRECTION('ref_axis',(-0.707106781186547,0.,-0.707106781186547));
#1630=DIRECTION('center_axis',(0.,1.,2.22044604925031E-16));
#1631=DIRECTION('ref_axis',(-0.707106781186547,0.,-0.707106781186547));
#1632=DIRECTION('',(0.,1.,2.22044604925031E-16));
#1633=DIRECTION('center_axis',(0.,-1.,-2.22044604925031E-16));
#1634=DIRECTION('ref_axis',(-0.707106781186547,0.,-0.707106781186547));
#1635=DIRECTION('',(0.,-1.,-2.22044604925031E-16));
#1636=DIRECTION('center_axis',(0.,-1.,-2.22044604925031E-16));
#1637=DIRECTION('ref_axis',(1.,0.,0.));
#1638=DIRECTION('',(0.,-2.22044604925031E-16,1.));
#1639=DIRECTION('center_axis',(0.,-1.,-2.22044604925031E-16));
#1640=DIRECTION('ref_axis',(-0.707106781186547,0.,0.707106781186547));
#1641=DIRECTION('',(1.,0.,0.));
#1642=DIRECTION('center_axis',(0.,-1.,-2.22044604925031E-16));
#1643=DIRECTION('ref_axis',(0.707106781186547,0.,0.707106781186547));
#1644=DIRECTION('',(0.,2.22044604925031E-16,-1.));
#1645=DIRECTION('center_axis',(0.,-1.,-2.22044604925031E-16));
#1646=DIRECTION('ref_axis',(0.707106781186547,0.,-0.707106781186547));
#1647=DIRECTION('',(-1.,0.,0.));
#1648=DIRECTION('center_axis',(-1.,0.,0.));
#1649=DIRECTION('ref_axis',(0.,2.22044604925031E-16,-1.));
#1650=DIRECTION('',(0.,2.22044604925031E-16,-1.));
#1651=DIRECTION('',(0.,-1.,-2.22044604925031E-16));
#1652=DIRECTION('center_axis',(0.,-1.,-2.22044604925031E-16));
#1653=DIRECTION('ref_axis',(-0.707106781186547,0.,0.707106781186547));
#1654=DIRECTION('center_axis',(0.,1.,2.22044604925031E-16));
#1655=DIRECTION('ref_axis',(-0.707106781186547,0.,0.707106781186547));
#1656=DIRECTION('',(0.,1.,2.22044604925031E-16));
#1657=DIRECTION('center_axis',(0.,-1.,-2.22044604925031E-16));
#1658=DIRECTION('ref_axis',(0.707106781186547,0.,-0.707106781186547));
#1659=DIRECTION('center_axis',(0.,1.,2.22044604925031E-16));
#1660=DIRECTION('ref_axis',(0.707106781186547,0.,-0.707106781186547));
#1661=DIRECTION('',(0.,1.,2.22044604925031E-16));
#1662=DIRECTION('',(0.,-1.,-2.22044604925031E-16));
#1663=DIRECTION('center_axis',(1.,0.,0.));
#1664=DIRECTION('ref_axis',(0.,-2.22044604925031E-16,1.));
#1665=DIRECTION('',(0.,1.,2.22044604925031E-16));
#1666=DIRECTION('',(0.,-2.22044604925031E-16,1.));
#1667=DIRECTION('center_axis',(0.,-1.,-2.22044604925031E-16));
#1668=DIRECTION('ref_axis',(0.707106781186547,0.,0.707106781186547));
#1669=DIRECTION('center_axis',(0.,1.,2.22044604925031E-16));
#1670=DIRECTION('ref_axis',(0.707106781186547,0.,0.707106781186547));
#1671=DIRECTION('',(0.,-1.,-2.22044604925031E-16));
#1672=DIRECTION('center_axis',(0.,2.22044604925031E-16,-1.));
#1673=DIRECTION('ref_axis',(1.,0.,0.));
#1674=DIRECTION('',(1.,0.,0.));
#1675=DIRECTION('center_axis',(0.,-2.22044604925031E-16,1.));
#1676=DIRECTION('ref_axis',(-1.,0.,0.));
#1677=DIRECTION('',(-1.,0.,0.));
#1678=DIRECTION('center_axis',(0.,-1.,-2.22044604925031E-16));
#1679=DIRECTION('ref_axis',(1.,0.,0.));
#1680=DIRECTION('center_axis',(-1.,0.,0.));
#1681=DIRECTION('ref_axis',(0.,1.,0.));
#1682=DIRECTION('',(0.,-1.,0.));
#1683=DIRECTION('',(0.,0.,-1.));
#1684=DIRECTION('',(0.,1.,0.));
#1685=DIRECTION('',(0.,0.,-1.));
#1686=DIRECTION('center_axis',(0.,0.,1.));
#1687=DIRECTION('ref_axis',(1.,0.,0.));
#1688=DIRECTION('',(-1.,0.,0.));
#1689=DIRECTION('',(0.,-1.,0.));
#1690=DIRECTION('',(-1.,0.,0.));
#1691=DIRECTION('',(0.,-1.,0.));
#1692=DIRECTION('',(1.,0.,0.));
#1693=DIRECTION('center_axis',(0.,0.,1.));
#1694=DIRECTION('ref_axis',(1.,0.,0.));
#1695=DIRECTION('',(1.,0.,0.));
#1696=DIRECTION('',(0.,1.,0.));
#1697=DIRECTION('',(-1.,0.,0.));
#1698=DIRECTION('center_axis',(0.,0.,1.));
#1699=DIRECTION('ref_axis',(1.,0.,0.));
#1700=DIRECTION('center_axis',(0.,0.,1.));
#1701=DIRECTION('ref_axis',(1.,0.,0.));
#1702=DIRECTION('center_axis',(0.,0.,-1.));
#1703=DIRECTION('ref_axis',(1.,0.,0.));
#1704=DIRECTION('center_axis',(0.,0.,1.));
#1705=DIRECTION('ref_axis',(1.,0.,0.));
#1706=DIRECTION('',(0.,0.,-1.));
#1707=DIRECTION('center_axis',(0.,0.,-1.));
#1708=DIRECTION('ref_axis',(1.,0.,0.));
#1709=DIRECTION('center_axis',(0.,0.,-1.));
#1710=DIRECTION('ref_axis',(1.,0.,0.));
#1711=DIRECTION('center_axis',(0.,0.,1.));
#1712=DIRECTION('ref_axis',(1.,0.,0.));
#1713=DIRECTION('',(1.,0.,0.));
#1714=DIRECTION('center_axis',(0.,0.,-1.));
#1715=DIRECTION('ref_axis',(1.,0.,0.));
#1716=DIRECTION('',(-1.,0.,0.));
#1717=DIRECTION('center_axis',(0.,1.,0.));
#1718=DIRECTION('ref_axis',(1.,0.,0.));
#1719=DIRECTION('',(0.,0.,-1.));
#1720=DIRECTION('',(1.,0.,0.));
#1721=DIRECTION('center_axis',(0.,-1.,0.));
#1722=DIRECTION('ref_axis',(-1.,0.,0.));
#1723=DIRECTION('',(-1.,0.,0.));
#1724=DIRECTION('',(0.,0.,-1.));
#1725=DIRECTION('center_axis',(1.,0.,0.));
#1726=DIRECTION('ref_axis',(0.,-1.,0.));
#1727=DIRECTION('',(0.,-1.,0.));
#1728=DIRECTION('center_axis',(0.,0.,-1.));
#1729=DIRECTION('ref_axis',(1.,0.,0.));
#1730=DIRECTION('center_axis',(0.,0.,1.));
#1731=DIRECTION('ref_axis',(1.,0.,0.));
#1732=DIRECTION('',(0.,0.,1.));
#1733=DIRECTION('center_axis',(0.,0.,-1.));
#1734=DIRECTION('ref_axis',(1.,0.,0.));
#1735=DIRECTION('center_axis',(1.,0.,0.));
#1736=DIRECTION('ref_axis',(0.,-1.,7.59645419660784E-65));
#1737=DIRECTION('center_axis',(1.,0.,0.));
#1738=DIRECTION('ref_axis',(0.,-1.,7.59645419660784E-65));
#1739=DIRECTION('',(1.,0.,0.));
#1740=DIRECTION('center_axis',(-1.,0.,0.));
#1741=DIRECTION('ref_axis',(0.,-1.,7.59645419660784E-65));
#1742=DIRECTION('center_axis',(1.,0.,0.));
#1743=DIRECTION('ref_axis',(0.,-1.,7.59645419660784E-65));
#1744=DIRECTION('center_axis',(1.,0.,0.));
#1745=DIRECTION('ref_axis',(0.,-1.,7.59645419660784E-65));
#1746=DIRECTION('',(1.,0.,0.));
#1747=DIRECTION('center_axis',(-1.,0.,0.));
#1748=DIRECTION('ref_axis',(0.,-1.,7.59645419660784E-65));
#1749=DIRECTION('center_axis',(1.,1.48029736616688E-16,0.));
#1750=DIRECTION('ref_axis',(1.48029736616688E-16,-1.,0.));
#1751=DIRECTION('center_axis',(1.,0.,0.));
#1752=DIRECTION('ref_axis',(1.48029736616688E-16,-1.,0.));
#1753=DIRECTION('',(1.,1.48029736616688E-16,0.));
#1754=DIRECTION('center_axis',(-1.,0.,0.));
#1755=DIRECTION('ref_axis',(1.48029736616688E-16,-1.,0.));
#1756=DIRECTION('center_axis',(1.,0.,0.));
#1757=DIRECTION('ref_axis',(0.,-1.,0.));
#1758=DIRECTION('center_axis',(1.,0.,0.));
#1759=DIRECTION('ref_axis',(0.,-1.,0.));
#1760=DIRECTION('',(1.,0.,0.));
#1761=DIRECTION('center_axis',(-1.,0.,0.));
#1762=DIRECTION('ref_axis',(0.,-1.,0.));
#1763=DIRECTION('center_axis',(0.,0.,1.));
#1764=DIRECTION('ref_axis',(-1.,0.,0.));
#1765=DIRECTION('',(1.,0.,0.));
#1766=DIRECTION('',(0.,-1.,0.));
#1767=DIRECTION('',(-1.,0.,0.));
#1768=DIRECTION('',(0.,-1.,0.));
#1769=DIRECTION('',(1.,0.,0.));
#1770=DIRECTION('center_axis',(1.,0.,0.));
#1771=DIRECTION('ref_axis',(0.,0.,1.));
#1772=DIRECTION('',(0.,0.,-1.));
#1773=DIRECTION('',(0.,0.,1.));
#1774=DIRECTION('',(0.,-1.,0.));
#1775=DIRECTION('center_axis',(0.,0.,-1.));
#1776=DIRECTION('ref_axis',(1.,0.,0.));
#1777=DIRECTION('',(-1.,0.,0.));
#1778=DIRECTION('',(1.,0.,0.));
#1779=DIRECTION('',(0.,-1.,0.));
#1780=DIRECTION('',(-1.,0.,0.));
#1781=DIRECTION('center_axis',(-1.,0.,0.));
#1782=DIRECTION('ref_axis',(0.,0.,-1.));
#1783=DIRECTION('',(0.,0.,1.));
#1784=DIRECTION('',(0.,0.,-1.));
#1785=DIRECTION('center_axis',(0.,1.,0.));
#1786=DIRECTION('ref_axis',(-1.,0.,0.));
#1787=DIRECTION('',(0.,0.,-1.));
#1788=DIRECTION('center_axis',(0.,-1.,0.));
#1789=DIRECTION('ref_axis',(0.,0.,-1.));
#1790=DIRECTION('center_axis',(0.,0.,1.));
#1791=DIRECTION('ref_axis',(1.,0.,0.));
#1792=DIRECTION('',(1.,0.,0.));
#1793=DIRECTION('',(0.,1.,0.));
#1794=DIRECTION('',(1.,0.,0.));
#1795=DIRECTION('',(0.,1.,0.));
#1796=DIRECTION('center_axis',(0.,1.,0.));
#1797=DIRECTION('ref_axis',(-1.,0.,0.));
#1798=DIRECTION('',(0.,0.,-1.));
#1799=DIRECTION('',(0.,0.,1.));
#1800=DIRECTION('',(-1.,0.,0.));
#1801=DIRECTION('',(0.,0.,-1.));
#1802=DIRECTION('center_axis',(-1.,0.,0.));
#1803=DIRECTION('ref_axis',(0.,0.,1.));
#1804=DIRECTION('',(0.,0.,-1.));
#1805=DIRECTION('',(0.,0.,1.));
#1806=DIRECTION('',(0.,1.,0.));
#1807=DIRECTION('center_axis',(1.,0.,0.));
#1808=DIRECTION('ref_axis',(0.,0.,-1.));
#1809=DIRECTION('',(0.,0.,1.));
#1810=DIRECTION('',(0.,1.,0.));
#1811=DIRECTION('',(0.,0.,-1.));
#1812=DIRECTION('center_axis',(0.,1.,0.));
#1813=DIRECTION('ref_axis',(0.,0.,1.));
#1814=DIRECTION('',(-1.,0.,0.));
#1815=DIRECTION('center_axis',(0.,1.,0.));
#1816=DIRECTION('ref_axis',(0.,0.,1.));
#1817=DIRECTION('',(-1.,0.,0.));
#1818=DIRECTION('',(0.,0.,1.));
#1819=DIRECTION('',(1.,0.,0.));
#1820=DIRECTION('center_axis',(0.,1.,0.));
#1821=DIRECTION('ref_axis',(0.,0.,1.));
#1822=DIRECTION('',(1.,0.,0.));
#1823=DIRECTION('',(0.,0.,-1.));
#1824=DIRECTION('',(-1.,0.,0.));
#1825=DIRECTION('center_axis',(1.,0.,0.));
#1826=DIRECTION('ref_axis',(0.,0.,-1.));
#1827=DIRECTION('',(0.,0.,1.));
#1828=DIRECTION('',(0.,1.,0.));
#1829=DIRECTION('',(0.,1.,0.));
#1830=DIRECTION('center_axis',(0.,0.,1.));
#1831=DIRECTION('ref_axis',(1.,0.,0.));
#1832=DIRECTION('',(0.,1.,0.));
#1833=DIRECTION('',(-1.,0.,0.));
#1834=DIRECTION('center_axis',(-1.,0.,0.));
#1835=DIRECTION('ref_axis',(0.,0.,1.));
#1836=DIRECTION('',(0.,0.,-1.));
#1837=DIRECTION('',(0.,1.,0.));
#1838=DIRECTION('center_axis',(0.,0.,-1.));
#1839=DIRECTION('ref_axis',(-1.,0.,0.));
#1840=DIRECTION('',(1.,0.,0.));
#1841=DIRECTION('center_axis',(1.,0.,0.));
#1842=DIRECTION('ref_axis',(0.,0.,1.));
#1843=DIRECTION('',(0.,0.,1.));
#1844=DIRECTION('',(0.,-1.,0.));
#1845=DIRECTION('',(0.,0.,-1.));
#1846=DIRECTION('',(0.,-1.,0.));
#1847=DIRECTION('center_axis',(0.,0.,-1.));
#1848=DIRECTION('ref_axis',(1.,0.,0.));
#1849=DIRECTION('',(1.,0.,0.));
#1850=DIRECTION('',(0.,-1.,0.));
#1851=DIRECTION('',(-1.,0.,0.));
#1852=DIRECTION('center_axis',(-1.,0.,0.));
#1853=DIRECTION('ref_axis',(0.,0.,-1.));
#1854=DIRECTION('',(0.,0.,-1.));
#1855=DIRECTION('',(0.,-1.,0.));
#1856=DIRECTION('',(0.,0.,1.));
#1857=DIRECTION('center_axis',(0.,0.,1.));
#1858=DIRECTION('ref_axis',(-1.,0.,0.));
#1859=DIRECTION('',(-1.,0.,0.));
#1860=DIRECTION('',(1.,0.,0.));
#1861=DIRECTION('center_axis',(1.,0.,0.));
#1862=DIRECTION('ref_axis',(0.,0.,1.));
#1863=DIRECTION('',(0.,0.,1.));
#1864=DIRECTION('',(0.,-1.,0.));
#1865=DIRECTION('',(0.,0.,-1.));
#1866=DIRECTION('',(0.,-1.,0.));
#1867=DIRECTION('center_axis',(0.,0.,-1.));
#1868=DIRECTION('ref_axis',(1.,0.,0.));
#1869=DIRECTION('',(1.,0.,0.));
#1870=DIRECTION('',(0.,-1.,0.));
#1871=DIRECTION('',(-1.,0.,0.));
#1872=DIRECTION('center_axis',(-1.,0.,0.));
#1873=DIRECTION('ref_axis',(0.,0.,-1.));
#1874=DIRECTION('',(0.,0.,-1.));
#1875=DIRECTION('',(0.,-1.,0.));
#1876=DIRECTION('',(0.,0.,1.));
#1877=DIRECTION('center_axis',(0.,0.,1.));
#1878=DIRECTION('ref_axis',(-1.,0.,0.));
#1879=DIRECTION('',(-1.,0.,0.));
#1880=DIRECTION('',(1.,0.,0.));
#1881=DIRECTION('center_axis',(-1.,0.,0.));
#1882=DIRECTION('ref_axis',(0.,-1.,0.));
#1883=DIRECTION('center_axis',(-1.,0.,0.));
#1884=DIRECTION('ref_axis',(0.,0.707106781186547,-0.707106781186547));
#1885=DIRECTION('',(0.,-1.,0.));
#1886=DIRECTION('center_axis',(-1.,0.,0.));
#1887=DIRECTION('ref_axis',(0.,-0.707106781186547,-0.707106781186547));
#1888=DIRECTION('',(0.,0.,1.));
#1889=DIRECTION('center_axis',(-1.,0.,0.));
#1890=DIRECTION('ref_axis',(0.,-0.707106781186547,0.707106781186547));
#1891=DIRECTION('',(0.,1.,0.));
#1892=DIRECTION('center_axis',(-1.,0.,0.));
#1893=DIRECTION('ref_axis',(0.,0.707106781186547,0.707106781186547));
#1894=DIRECTION('',(0.,0.,-1.));
#1895=DIRECTION('center_axis',(1.,0.,0.));
#1896=DIRECTION('ref_axis',(0.,-0.707106781186548,-0.707106781186548));
#1897=DIRECTION('',(0.,1.,0.));
#1898=DIRECTION('center_axis',(1.,0.,0.));
#1899=DIRECTION('ref_axis',(0.,0.707106781186548,-0.707106781186548));
#1900=DIRECTION('',(0.,0.,1.));
#1901=DIRECTION('center_axis',(1.,0.,0.));
#1902=DIRECTION('ref_axis',(0.,0.707106781186548,0.707106781186548));
#1903=DIRECTION('center_axis',(1.,0.,0.));
#1904=DIRECTION('ref_axis',(0.,-0.707106781186548,0.707106781186548));
#1905=DIRECTION('',(0.,0.,-1.));
#1906=DIRECTION('center_axis',(-1.,0.,0.));
#1907=DIRECTION('ref_axis',(0.,1.,0.));
#1908=DIRECTION('center_axis',(-1.,0.,0.));
#1909=DIRECTION('ref_axis',(0.,1.,0.));
#1910=DIRECTION('',(-1.,0.,0.));
#1911=DIRECTION('center_axis',(1.,0.,0.));
#1912=DIRECTION('ref_axis',(0.,1.,0.));
#1913=DIRECTION('center_axis',(-1.,0.,0.));
#1914=DIRECTION('ref_axis',(0.,1.,0.));
#1915=DIRECTION('center_axis',(-1.,0.,0.));
#1916=DIRECTION('ref_axis',(0.,1.,0.));
#1917=DIRECTION('',(-1.,0.,0.));
#1918=DIRECTION('center_axis',(1.,0.,0.));
#1919=DIRECTION('ref_axis',(0.,1.,0.));
#1920=DIRECTION('center_axis',(0.,1.,2.3373116307898E-16));
#1921=DIRECTION('ref_axis',(0.,2.3373116307898E-16,-1.));
#1922=DIRECTION('',(0.,2.3373116307898E-16,-1.));
#1923=DIRECTION('',(-1.,0.,0.));
#1924=DIRECTION('',(0.,-2.3373116307898E-16,1.));
#1925=DIRECTION('',(-1.,0.,0.));
#1926=DIRECTION('center_axis',(0.,0.,1.));
#1927=DIRECTION('ref_axis',(0.,1.,0.));
#1928=DIRECTION('',(0.,1.,0.));
#1929=DIRECTION('',(-1.,0.,0.));
#1930=DIRECTION('',(0.,-1.,0.));
#1931=DIRECTION('center_axis',(0.,-1.,0.));
#1932=DIRECTION('ref_axis',(0.,0.,1.));
#1933=DIRECTION('',(0.,0.,1.));
#1934=DIRECTION('',(-1.,0.,0.));
#1935=DIRECTION('',(0.,0.,-1.));
#1936=DIRECTION('center_axis',(0.,0.,-1.));
#1937=DIRECTION('ref_axis',(0.,-1.,0.));
#1938=DIRECTION('',(0.,-1.,0.));
#1939=DIRECTION('',(0.,1.,0.));
#1940=DIRECTION('center_axis',(-1.,0.,0.));
#1941=DIRECTION('ref_axis',(0.,0.707106781186548,-0.707106781186548));
#1942=DIRECTION('',(-1.,0.,0.));
#1943=DIRECTION('center_axis',(-1.,0.,0.));
#1944=DIRECTION('ref_axis',(0.,0.707106781186548,-0.707106781186548));
#1945=DIRECTION('',(-1.,0.,0.));
#1946=DIRECTION('center_axis',(0.,1.,0.));
#1947=DIRECTION('ref_axis',(0.,0.,1.));
#1948=DIRECTION('',(0.,0.,-1.));
#1949=DIRECTION('',(-1.,0.,0.));
#1950=DIRECTION('center_axis',(1.,0.,0.));
#1951=DIRECTION('ref_axis',(0.,-0.707106781186548,-0.707106781186548));
#1952=DIRECTION('center_axis',(-1.,0.,0.));
#1953=DIRECTION('ref_axis',(0.,-0.707106781186548,-0.707106781186548));
#1954=DIRECTION('',(-1.,0.,0.));
#1955=DIRECTION('',(-1.,0.,0.));
#1956=DIRECTION('center_axis',(0.,-1.,0.));
#1957=DIRECTION('ref_axis',(0.,0.,-1.));
#1958=DIRECTION('',(1.,0.,0.));
#1959=DIRECTION('',(0.,0.,1.));
#1960=DIRECTION('center_axis',(-1.,0.,0.));
#1961=DIRECTION('ref_axis',(0.,-0.707106781186548,0.707106781186548));
#1962=DIRECTION('center_axis',(-1.,0.,0.));
#1963=DIRECTION('ref_axis',(0.,-0.707106781186548,0.707106781186548));
#1964=DIRECTION('center_axis',(1.,0.,0.));
#1965=DIRECTION('ref_axis',(0.,0.707106781186548,0.707106781186548));
#1966=DIRECTION('center_axis',(-1.,0.,0.));
#1967=DIRECTION('ref_axis',(0.,0.707106781186548,0.707106781186548));
#1968=DIRECTION('center_axis',(1.,0.,0.));
#1969=DIRECTION('ref_axis',(0.,1.,0.));
#1970=DIRECTION('',(0.,-1.,0.));
#1971=DIRECTION('center_axis',(0.,0.,1.));
#1972=DIRECTION('ref_axis',(1.,0.,0.));
#1973=DIRECTION('center_axis',(-1.,0.,0.));
#1974=DIRECTION('ref_axis',(0.,0.707106781186547,-0.707106781186547));
#1975=DIRECTION('',(-1.,0.,0.));
#1976=DIRECTION('center_axis',(-1.,0.,0.));
#1977=DIRECTION('ref_axis',(0.,0.707106781186547,-0.707106781186547));
#1978=DIRECTION('',(-1.,0.,0.));
#1979=DIRECTION('center_axis',(0.,1.,0.));
#1980=DIRECTION('ref_axis',(0.,0.,1.));
#1981=DIRECTION('',(-1.,0.,0.));
#1982=DIRECTION('',(0.,0.,-1.));
#1983=DIRECTION('center_axis',(1.,0.,0.));
#1984=DIRECTION('ref_axis',(0.,-0.707106781186547,-0.707106781186547));
#1985=DIRECTION('center_axis',(-1.,0.,0.));
#1986=DIRECTION('ref_axis',(0.,-0.707106781186547,-0.707106781186547));
#1987=DIRECTION('',(-1.,0.,0.));
#1988=DIRECTION('',(-1.,0.,0.));
#1989=DIRECTION('center_axis',(0.,-1.,0.));
#1990=DIRECTION('ref_axis',(0.,0.,-1.));
#1991=DIRECTION('',(0.,0.,1.));
#1992=DIRECTION('',(-1.,0.,0.));
#1993=DIRECTION('center_axis',(-1.,0.,0.));
#1994=DIRECTION('ref_axis',(0.,-0.707106781186547,0.707106781186547));
#1995=DIRECTION('center_axis',(-1.,0.,0.));
#1996=DIRECTION('ref_axis',(0.,-0.707106781186547,0.707106781186547));
#1997=DIRECTION('',(-1.,0.,0.));
#1998=DIRECTION('center_axis',(1.,0.,0.));
#1999=DIRECTION('ref_axis',(0.,0.707106781186547,0.707106781186547));
#2000=DIRECTION('center_axis',(-1.,0.,0.));
#2001=DIRECTION('ref_axis',(0.,0.707106781186547,0.707106781186547));
#2002=DIRECTION('',(1.,0.,0.));
#2003=DIRECTION('center_axis',(1.,0.,0.));
#2004=DIRECTION('ref_axis',(0.,1.,0.));
#2005=DIRECTION('',(0.,-1.,0.));
#2006=DIRECTION('',(0.,-1.,0.));
#2007=DIRECTION('center_axis',(0.,0.,1.));
#2008=DIRECTION('ref_axis',(1.,0.,0.));
#2009=DIRECTION('center_axis',(0.,0.,1.));
#2010=DIRECTION('ref_axis',(1.,0.,0.));
#2011=DIRECTION('center_axis',(0.,1.,0.));
#2012=DIRECTION('ref_axis',(1.,0.,0.));
#2013=DIRECTION('',(-1.,0.,0.));
#2014=DIRECTION('',(0.,0.,-1.));
#2015=DIRECTION('',(1.,0.,0.));
#2016=DIRECTION('',(0.,0.,-1.));
#2017=DIRECTION('center_axis',(-1.,0.,0.));
#2018=DIRECTION('ref_axis',(0.,1.,0.));
#2019=DIRECTION('',(0.,-1.,0.));
#2020=DIRECTION('',(0.,1.,0.));
#2021=DIRECTION('',(0.,0.,-1.));
#2022=DIRECTION('center_axis',(0.,0.,-1.));
#2023=DIRECTION('ref_axis',(1.,0.,0.));
#2024=DIRECTION('center_axis',(0.,0.,-1.));
#2025=DIRECTION('ref_axis',(1.,0.,0.));
#2026=DIRECTION('center_axis',(0.,0.,1.));
#2027=DIRECTION('ref_axis',(1.,0.,0.));
#2028=DIRECTION('center_axis',(0.,0.,-1.));
#2029=DIRECTION('ref_axis',(1.,0.,0.));
#2030=DIRECTION('center_axis',(0.,0.,-1.));
#2031=DIRECTION('ref_axis',(1.,0.,0.));
#2032=DIRECTION('',(1.,1.19904086659517E-14,1.03528297046296E-14));
#2033=DIRECTION('',(-1.19904086659517E-14,1.,-2.77555756156402E-17));
#2034=CARTESIAN_POINT('',(0.,0.,0.));
#2035=CARTESIAN_POINT('',(0.,0.,0.));
#2036=CARTESIAN_POINT('Origin',(-42.1209245607188,-21.1995453743555,25.));
#2037=CARTESIAN_POINT('',(-42.1209245607188,-26.1995453743555,15.));
#2038=CARTESIAN_POINT('',(-52.1209245607188,-26.1995453743555,25.));
#2039=CARTESIAN_POINT('Origin',(-42.1209245607188,-26.1995453743555,25.));
#2040=CARTESIAN_POINT('',(-52.1209245607188,-21.1995453743555,25.));
#2041=CARTESIAN_POINT('',(-52.1209245607188,-21.1995453743555,25.));
#2042=CARTESIAN_POINT('',(-42.1209245607188,-21.1995453743555,15.));
#2043=CARTESIAN_POINT('Origin',(-42.1209245607188,-21.1995453743555,25.));
#2044=CARTESIAN_POINT('',(-42.1209245607188,-21.1995453743555,15.));
#2045=CARTESIAN_POINT('Origin',(7.87907543928123,-21.1995453743555,45.));
#2046=CARTESIAN_POINT('',(-52.1209245607188,-21.1995453743555,65.));
#2047=CARTESIAN_POINT('',(-52.1209245607188,-21.1995453743555,15.));
#2048=CARTESIAN_POINT('',(-42.1209245607188,-21.1995453743555,75.));
#2049=CARTESIAN_POINT('Origin',(-42.1209245607188,-21.1995453743555,65.));
#2050=CARTESIAN_POINT('',(57.8790754392812,-21.1995453743555,75.));
#2051=CARTESIAN_POINT('',(-52.1209245607188,-21.1995453743555,75.));
#2052=CARTESIAN_POINT('',(67.8790754392812,-21.1995453743555,65.));
#2053=CARTESIAN_POINT('Origin',(57.8790754392812,-21.1995453743555,65.));
#2054=CARTESIAN_POINT('',(67.8790754392812,-21.1995453743555,25.));
#2055=CARTESIAN_POINT('',(67.8790754392812,-21.1995453743555,75.));
#2056=CARTESIAN_POINT('',(57.8790754392812,-21.1995453743555,15.));
#2057=CARTESIAN_POINT('Origin',(57.8790754392812,-21.1995453743555,25.));
#2058=CARTESIAN_POINT('',(67.8790754392812,-21.1995453743555,15.));
#2059=CARTESIAN_POINT('Origin',(-52.1209245607188,-21.1995453743555,75.));
#2060=CARTESIAN_POINT('',(-52.1209245607188,-26.1995453743555,65.));
#2061=CARTESIAN_POINT('',(-52.1209245607188,-26.1995453743555,15.));
#2062=CARTESIAN_POINT('',(-52.1209245607188,-21.1995453743555,65.));
#2063=CARTESIAN_POINT('Origin',(-42.1209245607188,-21.1995453743555,65.));
#2064=CARTESIAN_POINT('',(-42.1209245607188,-26.1995453743555,75.));
#2065=CARTESIAN_POINT('Origin',(-42.1209245607188,-26.1995453743555,65.));
#2066=CARTESIAN_POINT('',(-42.1209245607188,-21.1995453743555,75.));
#2067=CARTESIAN_POINT('Origin',(57.8790754392812,-21.1995453743555,25.));
#2068=CARTESIAN_POINT('',(67.8790754392812,-26.1995453743555,25.));
#2069=CARTESIAN_POINT('',(57.8790754392812,-26.1995453743555,15.));
#2070=CARTESIAN_POINT('Origin',(57.8790754392812,-26.1995453743555,25.));
#2071=CARTESIAN_POINT('',(57.8790754392812,-21.1995453743555,15.));
#2072=CARTESIAN_POINT('',(67.8790754392812,-21.1995453743555,25.));
#2073=CARTESIAN_POINT('Origin',(67.8790754392812,-21.1995453743555,15.));
#2074=CARTESIAN_POINT('',(67.8790754392812,-26.1995453743555,65.));
#2075=CARTESIAN_POINT('',(67.8790754392812,-21.1995453743555,65.));
#2076=CARTESIAN_POINT('',(67.8790754392812,-26.1995453743555,75.));
#2077=CARTESIAN_POINT('Origin',(57.8790754392812,-21.1995453743555,65.));
#2078=CARTESIAN_POINT('',(57.8790754392812,-26.1995453743555,75.));
#2079=CARTESIAN_POINT('Origin',(57.8790754392812,-26.1995453743555,65.));
#2080=CARTESIAN_POINT('',(57.8790754392812,-21.1995453743555,75.));
#2081=CARTESIAN_POINT('Origin',(-52.1209245607188,-21.1995453743555,15.));
#2082=CARTESIAN_POINT('',(67.8790754392812,-26.1995453743555,15.));
#2083=CARTESIAN_POINT('Origin',(67.8790754392812,-21.1995453743555,75.));
#2084=CARTESIAN_POINT('',(-52.1209245607188,-26.1995453743555,75.));
#2085=CARTESIAN_POINT('Origin',(7.87907543928123,-26.1995453743555,45.));
#2086=CARTESIAN_POINT('Origin',(-6.00000008940697,-3.00000004470348,56.));
#2087=CARTESIAN_POINT('',(-6.00000008940697,-5.55111512312578E-16,56.));
#2088=CARTESIAN_POINT('',(-6.00000008940697,-3.00000004470348,56.));
#2089=CARTESIAN_POINT('',(-6.00000008940697,-21.5000000223517,56.));
#2090=CARTESIAN_POINT('',(-6.00000008940697,-5.55111512312578E-16,54.));
#2091=CARTESIAN_POINT('',(-6.00000008940697,0.,56.));
#2092=CARTESIAN_POINT('',(-6.00000008940697,-3.00000004470348,54.));
#2093=CARTESIAN_POINT('',(-6.00000008940697,3.00000004470348,54.));
#2094=CARTESIAN_POINT('',(-6.00000008940697,-3.00000004470348,56.));
#2095=CARTESIAN_POINT('Origin',(30.,-40.,56.));
#2096=CARTESIAN_POINT('',(56.,-90.,56.));
#2097=CARTESIAN_POINT('',(-10.,-90.,56.));
#2098=CARTESIAN_POINT('',(15.,-90.,56.));
#2099=CARTESIAN_POINT('',(-10.,10.,56.));
#2100=CARTESIAN_POINT('',(-10.,-20.,56.));
#2101=CARTESIAN_POINT('',(56.,10.,56.));
#2102=CARTESIAN_POINT('',(0.,10.,56.));
#2103=CARTESIAN_POINT('',(56.,-60.,56.));
#2104=CARTESIAN_POINT('',(-5.19615239689706,-3.00000004470348,56.));
#2105=CARTESIAN_POINT('',(12.4019238015515,-3.00000004470348,56.));
#2106=CARTESIAN_POINT('',(5.19615239689706,-3.00000004470348,56.));
#2107=CARTESIAN_POINT('Origin',(0.,0.,56.));
#2108=CARTESIAN_POINT('',(9.00000013411045,-3.00000004470348,56.));
#2109=CARTESIAN_POINT('',(19.5000000670552,-3.00000004470348,56.));
#2110=CARTESIAN_POINT('',(9.00000013411045,3.00000004470348,56.));
#2111=CARTESIAN_POINT('',(9.00000013411045,-18.4999999776483,56.));
#2112=CARTESIAN_POINT('',(5.19615239689706,3.00000004470348,56.));
#2113=CARTESIAN_POINT('',(17.5980761984485,3.00000004470348,56.));
#2114=CARTESIAN_POINT('',(-5.19615239689706,3.00000004470348,56.));
#2115=CARTESIAN_POINT('Origin',(0.,0.,56.));
#2116=CARTESIAN_POINT('Origin',(0.,0.,56.));
#2117=CARTESIAN_POINT('Origin',(0.,0.,56.));
#2118=CARTESIAN_POINT('Origin',(0.,0.,56.));
#2119=CARTESIAN_POINT('',(-5.19615239689706,3.00000004470348,54.));
#2120=CARTESIAN_POINT('',(-5.19615239689706,3.00000004470348,56.));
#2121=CARTESIAN_POINT('Origin',(0.,0.,54.));
#2122=CARTESIAN_POINT('Origin',(0.,0.,56.));
#2123=CARTESIAN_POINT('Origin',(0.,0.,56.));
#2124=CARTESIAN_POINT('',(-6.00000008940697,-3.00000004470348,56.));
#2125=CARTESIAN_POINT('Origin',(0.,0.,56.));
#2126=CARTESIAN_POINT('',(9.00000013411045,3.00000004470348,56.));
#2127=CARTESIAN_POINT('Origin',(5.19615239689706,3.00000004470348,56.));
#2128=CARTESIAN_POINT('',(9.00000013411045,3.00000004470348,54.));
#2129=CARTESIAN_POINT('',(9.00000013411045,3.00000004470348,56.));
#2130=CARTESIAN_POINT('',(9.00000013411045,3.00000004470348,54.));
#2131=CARTESIAN_POINT('Origin',(9.00000013411045,-3.00000004470348,56.));
#2132=CARTESIAN_POINT('',(9.00000013411045,-3.00000004470348,54.));
#2133=CARTESIAN_POINT('',(-6.00000008940697,-3.00000004470348,54.));
#2134=CARTESIAN_POINT('',(9.00000013411045,-3.00000004470348,56.));
#2135=CARTESIAN_POINT('Origin',(9.00000013411045,3.00000004470348,56.));
#2136=CARTESIAN_POINT('',(9.00000013411045,-3.00000004470348,54.));
#2137=CARTESIAN_POINT('Origin',(7.09807626550376,0.,54.));
#2138=CARTESIAN_POINT('Origin',(0.,0.,56.));
#2139=CARTESIAN_POINT('',(-6.,7.34788079488412E-16,60.));
#2140=CARTESIAN_POINT('',(-6.,-7.34788079488412E-16,56.));
#2141=CARTESIAN_POINT('Origin',(0.,0.,60.));
#2142=CARTESIAN_POINT('Origin',(53.05,-30.0999993272126,51.9999988377094));
#2143=CARTESIAN_POINT('',(56.,-28.9999993272126,51.9999988377094));
#2144=CARTESIAN_POINT('Origin',(56.,-30.0999993272126,51.9999988377094));
#2145=CARTESIAN_POINT('',(60.,-28.9999993272126,51.9999988377094));
#2146=CARTESIAN_POINT('',(53.05,-28.9999993272126,51.9999988377094));
#2147=CARTESIAN_POINT('Origin',(60.,-30.0999993272126,51.9999988377094));
#2148=CARTESIAN_POINT('Origin',(53.05,-50.1499988790601,51.949998838827));
#2149=CARTESIAN_POINT('',(56.,-49.0499988790601,51.949998838827));
#2150=CARTESIAN_POINT('Origin',(56.,-50.1499988790601,51.949998838827));
#2151=CARTESIAN_POINT('',(60.,-49.0499988790601,51.949998838827));
#2152=CARTESIAN_POINT('',(53.05,-49.0499988790601,51.949998838827));
#2153=CARTESIAN_POINT('Origin',(60.,-50.1499988790601,51.949998838827));
#2154=CARTESIAN_POINT('Origin',(50.7,-16.9697917450581,12.5019353278255));
#2155=CARTESIAN_POINT('',(56.,-16.0599357368317,12.5019353278255));
#2156=CARTESIAN_POINT('Origin',(56.,-16.9697917450581,12.5019353278255));
#2157=CARTESIAN_POINT('',(60.,-16.0599357368317,12.5019353278255));
#2158=CARTESIAN_POINT('',(50.7,-16.0599357368317,12.5019353278255));
#2159=CARTESIAN_POINT('Origin',(60.,-16.9697917450581,12.5019353278255));
#2160=CARTESIAN_POINT('Origin',(50.7,-59.0121827450581,29.4257783278255));
#2161=CARTESIAN_POINT('',(56.,-58.1061938597851,29.4257783278255));
#2162=CARTESIAN_POINT('Origin',(56.,-59.0121827450581,29.4257783278255));
#2163=CARTESIAN_POINT('',(60.,-58.1061938597851,29.4257783278255));
#2164=CARTESIAN_POINT('',(50.7,-58.1061938597851,29.4257783278255));
#2165=CARTESIAN_POINT('Origin',(60.,-59.0121827450581,29.4257783278255));
#2166=CARTESIAN_POINT('Origin',(9.12288975526277,-26.,36.5005063737904));
#2167=CARTESIAN_POINT('',(1.92288975526276,-26.,36.5005063737904));
#2168=CARTESIAN_POINT('',(9.11884141668355,-26.,36.5005063737904));
#2169=CARTESIAN_POINT('',(7.32086558597316,-26.,36.5005063737904));
#2170=CARTESIAN_POINT('',(1.92288975526276,-28.,36.5005063737904));
#2171=CARTESIAN_POINT('',(1.92288975526276,-26.,36.5005063737904));
#2172=CARTESIAN_POINT('',(9.12288975526277,-28.,36.5005063737904));
#2173=CARTESIAN_POINT('',(1.92288975526276,-28.,36.5005063737904));
#2174=CARTESIAN_POINT('',(9.12288975526277,-26.,36.5005063737904));
#2175=CARTESIAN_POINT('',(9.12288975526277,-26.,36.5005063737904));
#2176=CARTESIAN_POINT('',(1.92288975526276,-26.,36.5005063737904));
#2177=CARTESIAN_POINT('Origin',(9.12288975526277,-26.,34.7005063737904));
#2178=CARTESIAN_POINT('',(9.12288975526277,-26.,34.7005063737904));
#2179=CARTESIAN_POINT('',(9.12288975526277,-26.,36.5005063737904));
#2180=CARTESIAN_POINT('',(9.12288975526277,-28.,34.7005063737904));
#2181=CARTESIAN_POINT('',(9.12288975526277,-28.,36.5005063737904));
#2182=CARTESIAN_POINT('',(9.12288975526277,-26.,34.7005063737904));
#2183=CARTESIAN_POINT('Origin',(1.92288975526276,-26.,34.7005063737904));
#2184=CARTESIAN_POINT('',(9.11884141668355,-26.,34.7005063737904));
#2185=CARTESIAN_POINT('',(9.12288975526277,-26.,34.7005063737904));
#2186=CARTESIAN_POINT('',(1.92288975526276,-28.,34.7005063737904));
#2187=CARTESIAN_POINT('',(9.12288975526277,-28.,34.7005063737904));
#2188=CARTESIAN_POINT('',(1.92288975526276,-26.,34.7005063737904));
#2189=CARTESIAN_POINT('',(1.92288975526276,-26.,34.7005063737904));
#2190=CARTESIAN_POINT('',(3.72086558597316,-26.,34.7005063737904));
#2191=CARTESIAN_POINT('Origin',(1.92288975526276,-26.,36.5005063737904));
#2192=CARTESIAN_POINT('',(1.92288975526276,-26.,35.6272537561986));
#2193=CARTESIAN_POINT('',(1.92288975526276,-28.,34.7005063737904));
#2194=CARTESIAN_POINT('Origin',(5.52288975526276,-26.,35.6005063737904));
#2195=CARTESIAN_POINT('',(9.11884141668355,-26.,36.5040011386069));
#2196=CARTESIAN_POINT('Origin',(5.52288975526276,-28.,35.6005063737904));
#2197=CARTESIAN_POINT('Origin',(1.91884141668355,-26.,36.5040011386069));
#2198=CARTESIAN_POINT('',(1.91884141668355,-26.,36.5040011386069));
#2199=CARTESIAN_POINT('',(9.11884141668355,-26.,36.5040011386069));
#2200=CARTESIAN_POINT('',(1.91884141668355,-26.,36.5040011386069));
#2201=CARTESIAN_POINT('',(9.11884141668355,-24.,36.5040011386069));
#2202=CARTESIAN_POINT('',(9.11884141668355,-26.,36.5040011386069));
#2203=CARTESIAN_POINT('',(1.91884141668355,-24.,36.5040011386069));
#2204=CARTESIAN_POINT('',(1.91884141668355,-24.,36.5040011386069));
#2205=CARTESIAN_POINT('',(1.91884141668355,-26.,36.5040011386069));
#2206=CARTESIAN_POINT('Origin',(5.51884141668355,-26.,34.7540011386069));
#2207=CARTESIAN_POINT('',(9.11884141668355,-26.,36.5040011386069));
#2208=CARTESIAN_POINT('',(1.91884141668355,-26.,33.0040011386069));
#2209=CARTESIAN_POINT('',(1.91884141668355,-26.,30.0040011386069));
#2210=CARTESIAN_POINT('',(9.11884141668355,-26.,33.0040011386069));
#2211=CARTESIAN_POINT('',(1.00836274047481,-26.,33.0040011386069));
#2212=CARTESIAN_POINT('',(9.11884141668355,-26.,36.5040011386069));
#2213=CARTESIAN_POINT('Origin',(1.91884141668355,-26.,30.0040011386069));
#2214=CARTESIAN_POINT('',(1.91884141668355,-26.,30.0040011386069));
#2215=CARTESIAN_POINT('',(1.91884141668355,-26.,30.7540011386069));
#2216=CARTESIAN_POINT('',(1.91884141668355,-24.,30.0040011386069));
#2217=CARTESIAN_POINT('',(1.91884141668355,-24.,30.0040011386069));
#2218=CARTESIAN_POINT('',(1.91884141668355,-26.,30.0040011386069));
#2219=CARTESIAN_POINT('Origin',(9.11884141668355,-26.,33.0040011386069));
#2220=CARTESIAN_POINT('',(9.11884141668355,-26.,30.0040011386069));
#2221=CARTESIAN_POINT('',(9.11884141668355,-26.,32.2540011386069));
#2222=CARTESIAN_POINT('',(9.11884141668355,-24.,30.0040011386069));
#2223=CARTESIAN_POINT('',(9.11884141668355,-26.,30.0040011386069));
#2224=CARTESIAN_POINT('',(9.11884141668355,-24.,36.5040011386069));
#2225=CARTESIAN_POINT('Origin',(5.51884141668355,-24.,31.5040011386069));
#2226=CARTESIAN_POINT('',(9.11884141668355,-24.,30.0040011386069));
#2227=CARTESIAN_POINT('Origin',(22.9978840642661,-26.,31.5040011386069));
#2228=CARTESIAN_POINT('',(-3.50211593573393,-26.,30.0040011386069));
#2229=CARTESIAN_POINT('',(-3.50211593573393,-26.,30.0040011386069));
#2230=CARTESIAN_POINT('',(-3.50211593573393,-26.,33.0040011386069));
#2231=CARTESIAN_POINT('',(-3.50211593573393,-26.,33.0040011386069));
#2232=CARTESIAN_POINT('',(49.4978840642661,-26.,33.0040011386069));
#2233=CARTESIAN_POINT('Origin',(22.9978840642661,-26.,31.5040011386069));
#2234=CARTESIAN_POINT('',(49.4978840642661,-26.,33.0040011386069));
#2235=CARTESIAN_POINT('',(49.4978840642661,-26.,33.0040011386069));
#2236=CARTESIAN_POINT('',(49.4978840642661,-26.,30.0040011386069));
#2237=CARTESIAN_POINT('',(49.4978840642661,-26.,30.0040011386069));
#2238=CARTESIAN_POINT('',(-3.50211593573393,-26.,30.0040011386069));
#2239=CARTESIAN_POINT('Origin',(49.4978840642661,-96.,33.0040011386069));
#2240=CARTESIAN_POINT('',(49.4978840642661,-96.,30.0040011386069));
#2241=CARTESIAN_POINT('',(49.4978840642661,-96.,33.0040011386069));
#2242=CARTESIAN_POINT('',(49.4978840642661,-96.,16.5020005693034));
#2243=CARTESIAN_POINT('',(49.4978840642661,-96.,30.0040011386069));
#2244=CARTESIAN_POINT('',(49.4978840642661,-96.,33.0040011386069));
#2245=CARTESIAN_POINT('Origin',(-3.50211593573393,-96.,33.0040011386069));
#2246=CARTESIAN_POINT('',(-3.50211593573393,-96.,33.0040011386069));
#2247=CARTESIAN_POINT('',(-3.50211593573393,-96.,33.0040011386069));
#2248=CARTESIAN_POINT('',(-1.75105796786696,-96.,33.0040011386069));
#2249=CARTESIAN_POINT('Origin',(-3.50211593573393,-96.,30.0040011386069));
#2250=CARTESIAN_POINT('',(-3.50211593573393,-96.,30.0040011386069));
#2251=CARTESIAN_POINT('',(-3.50211593573393,-96.,15.0020005693034));
#2252=CARTESIAN_POINT('',(-3.50211593573393,-96.,30.0040011386069));
#2253=CARTESIAN_POINT('Origin',(49.4978840642661,-96.,30.0040011386069));
#2254=CARTESIAN_POINT('',(24.748942032133,-96.,30.0040011386069));
#2255=CARTESIAN_POINT('Origin',(48.5135425107567,-96.,34.0000145499742));
#2256=CARTESIAN_POINT('',(48.5135425107567,-96.,34.0000145499742));
#2257=CARTESIAN_POINT('',(48.5135425107567,-96.,46.0000145499742));
#2258=CARTESIAN_POINT('',(48.5135425107567,-96.,17.0000072749871));
#2259=CARTESIAN_POINT('',(48.5135425107567,-100.,34.0000145499742));
#2260=CARTESIAN_POINT('',(48.5135425107567,-96.,34.0000145499742));
#2261=CARTESIAN_POINT('',(48.5135425107567,-100.,46.0000145499742));
#2262=CARTESIAN_POINT('',(48.5135425107567,-100.,17.0000072749871));
#2263=CARTESIAN_POINT('',(48.5135425107567,-96.,46.0000145499742));
#2264=CARTESIAN_POINT('Origin',(38.5135425107567,-96.,34.0000145499742));
#2265=CARTESIAN_POINT('',(38.5135425107567,-96.,34.0000145499742));
#2266=CARTESIAN_POINT('',(19.2567712553784,-96.,34.0000145499742));
#2267=CARTESIAN_POINT('',(38.5135425107567,-100.,34.0000145499742));
#2268=CARTESIAN_POINT('',(38.5135425107567,-96.,34.0000145499742));
#2269=CARTESIAN_POINT('',(19.2567712553784,-100.,34.0000145499742));
#2270=CARTESIAN_POINT('Origin',(38.5135425107567,-96.,46.0000145499742));
#2271=CARTESIAN_POINT('',(38.5135425107567,-96.,46.0000145499742));
#2272=CARTESIAN_POINT('',(38.5135425107567,-96.,23.0000072749871));
#2273=CARTESIAN_POINT('',(38.5135425107567,-100.,46.0000145499742));
#2274=CARTESIAN_POINT('',(38.5135425107567,-96.,46.0000145499742));
#2275=CARTESIAN_POINT('',(38.5135425107567,-100.,23.0000072749871));
#2276=CARTESIAN_POINT('Origin',(48.5135425107567,-96.,46.0000145499742));
#2277=CARTESIAN_POINT('',(24.2567712553784,-96.,46.0000145499742));
#2278=CARTESIAN_POINT('',(24.2567712553784,-100.,46.0000145499742));
#2279=CARTESIAN_POINT('Origin',(18.5135425107567,-96.,34.0000145499742));
#2280=CARTESIAN_POINT('',(18.5135425107567,-96.,34.0000145499742));
#2281=CARTESIAN_POINT('',(18.5135425107567,-96.,46.0000145499742));
#2282=CARTESIAN_POINT('',(18.5135425107567,-96.,17.0000072749871));
#2283=CARTESIAN_POINT('',(18.5135425107567,-100.,34.0000145499742));
#2284=CARTESIAN_POINT('',(18.5135425107567,-96.,34.0000145499742));
#2285=CARTESIAN_POINT('',(18.5135425107567,-100.,46.0000145499742));
#2286=CARTESIAN_POINT('',(18.5135425107567,-100.,17.0000072749871));
#2287=CARTESIAN_POINT('',(18.5135425107567,-96.,46.0000145499742));
#2288=CARTESIAN_POINT('Origin',(6.51354251075673,-96.,34.0000145499742));
#2289=CARTESIAN_POINT('',(6.51354251075673,-96.,34.0000145499742));
#2290=CARTESIAN_POINT('',(3.25677125537836,-96.,34.0000145499742));
#2291=CARTESIAN_POINT('',(6.51354251075673,-100.,34.0000145499742));
#2292=CARTESIAN_POINT('',(6.51354251075673,-96.,34.0000145499742));
#2293=CARTESIAN_POINT('',(3.25677125537836,-100.,34.0000145499742));
#2294=CARTESIAN_POINT('Origin',(6.51354251075673,-96.,46.0000145499742));
#2295=CARTESIAN_POINT('',(6.51354251075673,-96.,46.0000145499742));
#2296=CARTESIAN_POINT('',(6.51354251075673,-96.,23.0000072749871));
#2297=CARTESIAN_POINT('',(6.51354251075673,-100.,46.0000145499742));
#2298=CARTESIAN_POINT('',(6.51354251075673,-96.,46.0000145499742));
#2299=CARTESIAN_POINT('',(6.51354251075673,-100.,23.0000072749871));
#2300=CARTESIAN_POINT('Origin',(18.5135425107567,-96.,46.0000145499742));
#2301=CARTESIAN_POINT('',(9.25677125537836,-96.,46.0000145499742));
#2302=CARTESIAN_POINT('',(9.25677125537836,-100.,46.0000145499742));
#2303=CARTESIAN_POINT('Origin',(-10.,0.,0.));
#2304=CARTESIAN_POINT('',(-10.,20.,10.));
#2305=CARTESIAN_POINT('',(-10.,10.,0.));
#2306=CARTESIAN_POINT('Origin',(-10.,10.,10.));
#2307=CARTESIAN_POINT('',(-10.,-90.,0.));
#2308=CARTESIAN_POINT('',(-10.,0.,0.));
#2309=CARTESIAN_POINT('',(-10.,-100.,10.));
#2310=CARTESIAN_POINT('Origin',(-10.,-90.,10.));
#2311=CARTESIAN_POINT('',(-10.,-100.,50.));
#2312=CARTESIAN_POINT('',(-10.,-100.,0.));
#2313=CARTESIAN_POINT('',(-10.,-90.,60.));
#2314=CARTESIAN_POINT('Origin',(-10.,-90.,50.));
#2315=CARTESIAN_POINT('',(-10.,10.,60.));
#2316=CARTESIAN_POINT('',(-10.,0.,60.));
#2317=CARTESIAN_POINT('',(-10.,20.,50.));
#2318=CARTESIAN_POINT('Origin',(-10.,10.,50.));
#2319=CARTESIAN_POINT('',(-10.,20.,0.));
#2320=CARTESIAN_POINT('',(-10.,-96.,10.));
#2321=CARTESIAN_POINT('',(-10.,-90.,4.));
#2322=CARTESIAN_POINT('Origin',(-10.,-90.,10.));
#2323=CARTESIAN_POINT('',(-10.,10.,4.));
#2324=CARTESIAN_POINT('',(-10.,-20.,4.));
#2325=CARTESIAN_POINT('',(-10.,16.,10.));
#2326=CARTESIAN_POINT('Origin',(-10.,10.,10.));
#2327=CARTESIAN_POINT('',(-10.,16.,50.));
#2328=CARTESIAN_POINT('',(-10.,16.,0.));
#2329=CARTESIAN_POINT('Origin',(-10.,10.,50.));
#2330=CARTESIAN_POINT('',(-10.,-96.,50.));
#2331=CARTESIAN_POINT('Origin',(-10.,-90.,50.));
#2332=CARTESIAN_POINT('',(-10.,-96.,0.));
#2333=CARTESIAN_POINT('Origin',(60.,-51.0000007450581,21.0000003278255));
#2334=CARTESIAN_POINT('',(60.,-59.0000007450581,21.0000003278255));
#2335=CARTESIAN_POINT('Origin',(60.,-51.0000007450581,21.0000003278255));
#2336=CARTESIAN_POINT('',(56.,-59.0000007450581,21.0000003278255));
#2337=CARTESIAN_POINT('',(60.,-59.0000007450581,21.0000003278255));
#2338=CARTESIAN_POINT('Origin',(56.,-51.0000007450581,21.0000003278255));
#2339=CARTESIAN_POINT('Origin',(60.,-25.000000372529,21.0000003129244));
#2340=CARTESIAN_POINT('',(60.,-33.000000372529,21.0000003129244));
#2341=CARTESIAN_POINT('Origin',(60.,-25.000000372529,21.0000003129244));
#2342=CARTESIAN_POINT('',(56.,-33.000000372529,21.0000003129244));
#2343=CARTESIAN_POINT('',(60.,-33.000000372529,21.0000003129244));
#2344=CARTESIAN_POINT('Origin',(56.,-25.000000372529,21.0000003129244));
#2345=CARTESIAN_POINT('Origin',(60.,-26.,50.));
#2346=CARTESIAN_POINT('',(60.,-26.,50.));
#2347=CARTESIAN_POINT('',(60.,-26.,31.));
#2348=CARTESIAN_POINT('',(60.,-26.,25.));
#2349=CARTESIAN_POINT('',(56.,-26.,50.));
#2350=CARTESIAN_POINT('',(60.,-26.,50.));
#2351=CARTESIAN_POINT('',(56.,-26.,31.));
#2352=CARTESIAN_POINT('',(56.,-26.,25.));
#2353=CARTESIAN_POINT('',(60.,-26.,31.));
#2354=CARTESIAN_POINT('Origin',(60.,-53.,50.));
#2355=CARTESIAN_POINT('',(60.,-53.,50.));
#2356=CARTESIAN_POINT('',(60.,-66.5,50.));
#2357=CARTESIAN_POINT('',(56.,-53.,50.));
#2358=CARTESIAN_POINT('',(60.,-53.,50.));
#2359=CARTESIAN_POINT('',(56.,-66.5,50.));
#2360=CARTESIAN_POINT('Origin',(60.,-53.,31.));
#2361=CARTESIAN_POINT('',(60.,-53.,31.));
#2362=CARTESIAN_POINT('',(60.,-53.,15.5));
#2363=CARTESIAN_POINT('',(56.,-53.,31.));
#2364=CARTESIAN_POINT('',(60.,-53.,31.));
#2365=CARTESIAN_POINT('',(56.,-53.,15.5));
#2366=CARTESIAN_POINT('Origin',(60.,-26.,31.));
#2367=CARTESIAN_POINT('',(60.,-53.,31.));
#2368=CARTESIAN_POINT('',(56.,-53.,31.));
#2369=CARTESIAN_POINT('Origin',(45.,10.,10.));
#2370=CARTESIAN_POINT('',(56.,10.,4.));
#2371=CARTESIAN_POINT('',(45.,10.,4.));
#2372=CARTESIAN_POINT('',(56.,16.,10.));
#2373=CARTESIAN_POINT('Origin',(56.,10.,10.));
#2374=CARTESIAN_POINT('',(0.,16.,10.));
#2375=CARTESIAN_POINT('Origin',(60.,16.,0.));
#2376=CARTESIAN_POINT('',(56.,16.,50.));
#2377=CARTESIAN_POINT('',(56.,16.,0.));
#2378=CARTESIAN_POINT('',(0.,16.,50.));
#2379=CARTESIAN_POINT('Origin',(15.,-90.,10.));
#2380=CARTESIAN_POINT('',(56.,-90.,4.));
#2381=CARTESIAN_POINT('',(56.,-96.,10.));
#2382=CARTESIAN_POINT('Origin',(56.,-90.,10.));
#2383=CARTESIAN_POINT('',(0.,-90.,4.));
#2384=CARTESIAN_POINT('',(15.,-96.,10.));
#2385=CARTESIAN_POINT('Origin',(0.,-96.,0.));
#2386=CARTESIAN_POINT('',(56.,-96.,50.));
#2387=CARTESIAN_POINT('',(15.,-96.,50.));
#2388=CARTESIAN_POINT('',(56.,-96.,0.));
#2389=CARTESIAN_POINT('Origin',(15.,-90.,50.));
#2390=CARTESIAN_POINT('Origin',(56.,-90.,50.));
#2391=CARTESIAN_POINT('Origin',(45.,10.,50.));
#2392=CARTESIAN_POINT('Origin',(56.,10.,50.));
#2393=CARTESIAN_POINT('Origin',(56.,-80.,0.));
#2394=CARTESIAN_POINT('',(56.,-60.,4.));
#2395=CARTESIAN_POINT('Origin',(30.,-40.,4.));
#2396=CARTESIAN_POINT('Origin',(45.,10.,10.));
#2397=CARTESIAN_POINT('',(60.,20.,10.));
#2398=CARTESIAN_POINT('',(0.,20.,10.));
#2399=CARTESIAN_POINT('',(60.,10.,0.));
#2400=CARTESIAN_POINT('Origin',(60.,10.,10.));
#2401=CARTESIAN_POINT('',(0.,10.,0.));
#2402=CARTESIAN_POINT('Origin',(60.,20.,0.));
#2403=CARTESIAN_POINT('',(60.,20.,50.));
#2404=CARTESIAN_POINT('',(45.,20.,50.));
#2405=CARTESIAN_POINT('',(60.,20.,0.));
#2406=CARTESIAN_POINT('Origin',(15.,-90.,10.));
#2407=CARTESIAN_POINT('',(60.,-90.,0.));
#2408=CARTESIAN_POINT('',(60.,-100.,10.));
#2409=CARTESIAN_POINT('Origin',(60.,-90.,10.));
#2410=CARTESIAN_POINT('',(15.,-100.,10.));
#2411=CARTESIAN_POINT('',(0.,-90.,0.));
#2412=CARTESIAN_POINT('Origin',(0.,-100.,0.));
#2413=CARTESIAN_POINT('',(60.,-100.,50.));
#2414=CARTESIAN_POINT('',(60.,-100.,0.));
#2415=CARTESIAN_POINT('',(0.,-100.,50.));
#2416=CARTESIAN_POINT('Origin',(15.,-90.,50.));
#2417=CARTESIAN_POINT('',(60.,-90.,60.));
#2418=CARTESIAN_POINT('Origin',(60.,-90.,50.));
#2419=CARTESIAN_POINT('',(15.,-90.,60.));
#2420=CARTESIAN_POINT('Origin',(45.,10.,50.));
#2421=CARTESIAN_POINT('',(60.,10.,60.));
#2422=CARTESIAN_POINT('Origin',(60.,10.,50.));
#2423=CARTESIAN_POINT('',(45.,10.,60.));
#2424=CARTESIAN_POINT('Origin',(60.,-80.,0.));
#2425=CARTESIAN_POINT('',(60.,-80.,60.));
#2426=CARTESIAN_POINT('',(60.,-80.,0.));
#2427=CARTESIAN_POINT('Origin',(30.,-40.,60.));
#2428=CARTESIAN_POINT('Origin',(30.,-40.,0.));
#2429=CARTESIAN_POINT('Origin',(-6.00000008940697,3.00000004470348,56.));
#2430=CARTESIAN_POINT('',(-5.19615239689706,3.00000004470348,56.));
#2431=CARTESIAN_POINT('',(-6.00000008940697,3.00000004470348,56.));
#2432=CARTESIAN_POINT('',(9.00000013411045,3.00000004470348,56.));
#2433=CARTESIAN_POINT('',(-5.19615239689706,3.00000004470348,54.));
#2434=CARTESIAN_POINT('',(-5.19615239689706,3.00000004470348,56.));
#2435=CARTESIAN_POINT('',(-6.00000008940697,3.00000004470348,54.));
#2436=CARTESIAN_POINT('',(9.00000013411045,3.00000004470348,54.));
#2437=CARTESIAN_POINT('',(-6.00000008940697,3.00000004470348,56.));
#2438=CARTESIAN_POINT('Origin',(-6.00000008940697,-5.55111512312578E-16,
56.));
#2439=CARTESIAN_POINT('',(-6.00000008940697,-5.55111512312578E-16,56.));
#2440=CARTESIAN_POINT('',(-6.00000008940697,3.00000004470348,56.));
#2441=CARTESIAN_POINT('',(-6.00000008940697,-5.55111512312578E-16,54.));
#2442=CARTESIAN_POINT('',(-6.00000008940697,3.00000004470348,54.));
#2443=CARTESIAN_POINT('',(-6.00000008940697,-5.55111512312578E-16,56.));
#2444=CARTESIAN_POINT('Origin',(0.,0.,56.));
#2445=CARTESIAN_POINT('Origin',(0.,0.,56.));
#2446=CARTESIAN_POINT('Origin',(0.,0.,54.));
#2447=CARTESIAN_POINT('Origin',(-5.59807624315202,1.50000002235174,54.));
#2448=CARTESIAN_POINT('Origin',(-5.59807624315202,1.50000002235174,56.));
#2449=CARTESIAN_POINT('',(-94.6209245607188,-56.5786208136373,26.199545374355));
#2450=UNCERTAINTY_MEASURE_WITH_UNIT(LENGTH_MEASURE(0.01),#2456,
'DISTANCE_ACCURACY_VALUE',
'Maximum model space distance between geometric entities at asserted c
onnectivities');
#2451=UNCERTAINTY_MEASURE_WITH_UNIT(LENGTH_MEASURE(0.01),#2456,
'DISTANCE_ACCURACY_VALUE',
'Maximum model space distance between geometric entities at asserted c
onnectivities');
#2452=UNCERTAINTY_MEASURE_WITH_UNIT(LENGTH_MEASURE(0.01),#2456,
'DISTANCE_ACCURACY_VALUE',
'Maximum model space distance between geometric entities at asserted c
onnectivities');
#2453=(
GEOMETRIC_REPRESENTATION_CONTEXT(3)
GLOBAL_UNCERTAINTY_ASSIGNED_CONTEXT((#2450))
GLOBAL_UNIT_ASSIGNED_CONTEXT((#2456,#2458,#2459))
REPRESENTATION_CONTEXT('','3D')
);
#2454=(
GEOMETRIC_REPRESENTATION_CONTEXT(3)
GLOBAL_UNCERTAINTY_ASSIGNED_CONTEXT((#2451))
GLOBAL_UNIT_ASSIGNED_CONTEXT((#2456,#2458,#2459))
REPRESENTATION_CONTEXT('','3D')
);
#2455=(
GEOMETRIC_REPRESENTATION_CONTEXT(3)
GLOBAL_UNCERTAINTY_ASSIGNED_CONTEXT((#2452))
GLOBAL_UNIT_ASSIGNED_CONTEXT((#2456,#2458,#2459))
REPRESENTATION_CONTEXT('','3D')
);
#2456=(
LENGTH_UNIT()
NAMED_UNIT(*)
SI_UNIT(.MILLI.,.METRE.)
);
#2457=(
LENGTH_UNIT()
NAMED_UNIT(*)
SI_UNIT($,.METRE.)
);
#2458=(
NAMED_UNIT(*)
PLANE_ANGLE_UNIT()
SI_UNIT($,.RADIAN.)
);
#2459=(
NAMED_UNIT(*)
SI_UNIT($,.STERADIAN.)
SOLID_ANGLE_UNIT()
);
#2460=SHAPE_DEFINITION_REPRESENTATION(#2462,#2465);
#2461=SHAPE_DEFINITION_REPRESENTATION(#2463,#2466);
#2462=PRODUCT_DEFINITION_SHAPE('',$,#2468);
#2463=PRODUCT_DEFINITION_SHAPE('',$,#2469);
#2464=PRODUCT_DEFINITION_SHAPE($,$,#14);
#2465=SHAPE_REPRESENTATION('',(#1498,#1623),#2453);
#2466=SHAPE_REPRESENTATION('',(#1499),#2454);
#2467=PRODUCT_DEFINITION_CONTEXT('part definition',#2475,'design');
#2468=PRODUCT_DEFINITION('Intruder body','Intruder body v6',#2470,#2467);
#2469=PRODUCT_DEFINITION('Intruder back','Intruder back v1',#2471,#2467);
#2470=PRODUCT_DEFINITION_FORMATION('',$,#2477);
#2471=PRODUCT_DEFINITION_FORMATION('',$,#2478);
#2472=PRODUCT_RELATED_PRODUCT_CATEGORY('Intruder body v6',
'Intruder body v6',(#2477));
#2473=PRODUCT_RELATED_PRODUCT_CATEGORY('Intruder back v1',
'Intruder back v1',(#2478));
#2474=APPLICATION_PROTOCOL_DEFINITION('international standard',
'automotive_design',2009,#2475);
#2475=APPLICATION_CONTEXT(
'Core Data for Automotive Mechanical Design Process');
#2476=PRODUCT_CONTEXT('part definition',#2475,'mechanical');
#2477=PRODUCT('Intruder body','Intruder body v6',$,(#2476));
#2478=PRODUCT('Intruder back','Intruder back v1',$,(#2476));
#2479=PRESENTATION_STYLE_ASSIGNMENT((#2480));
#2480=SURFACE_STYLE_USAGE(.BOTH.,#2481);
#2481=SURFACE_SIDE_STYLE('',(#2482));
#2482=SURFACE_STYLE_FILL_AREA(#2483);
#2483=FILL_AREA_STYLE('Steel - Satin',(#2484));
#2484=FILL_AREA_STYLE_COLOUR('Steel - Satin',#2485);
#2485=COLOUR_RGB('Steel - Satin',0.627450980392157,0.627450980392157,0.627450980392157);
ENDSEC;
END-ISO-10303-21;
